FIPS,SES,pm25
1001,Q2,6.94277825833759
1003,Q2,5.83770358880245
1005,Q5,6.33994082626066
1009,Q2,7.89720046281604
1011,Q5,7.17126594601172
1013,Q5,6.01373121018502
1015,Q5,7.40610977690243
1017,Q5,6.8658986761613
1021,Q4,6.72057745561301
1023,Q5,5.83413017555467
1025,Q5,5.83357039481346
1027,Q5,6.59932249132937
1031,Q4,6.39654827166127
1033,Q4,7.09804773218403
1039,Q4,6.23926478454699
1043,Q4,7.83511806940957
1045,Q4,6.48650048095072
1047,Q5,6.25454165024869
1049,Q4,7.57602461092588
1051,Q3,6.8724086801376
1053,Q5,6.33914965848737
1055,Q4,7.5601635745378
1059,Q4,6.55221974412353
1061,Q4,6.81392912910177
1065,Q5,6.24979168334556
1067,Q4,6.44203938639604
1069,Q4,6.75790809875587
1071,Q4,7.11755019465772
1073,Q5,8.74485307875156
1075,Q4,6.44068447177328
1077,Q4,7.41768289277623
1079,Q3,7.29381905646232
1081,Q4,6.61911687931426
1083,Q3,7.88369230496285
1087,Q5,6.78517924021507
1089,Q3,7.65848018316075
1091,Q5,6.06872591168583
1093,Q4,6.33257460460473
1095,Q4,7.57830419687227
1097,Q5,6.4521158784447
1099,Q5,5.9122093855359
1101,Q5,6.8560110430348
1103,Q4,7.87040276429898
1105,Q5,6.19698772580741
1109,Q5,6.28794406790094
1111,Q4,6.74593308578078
1113,Q5,6.64141033979652
1115,Q2,7.78392185675734
1117,Q1,8.09083196879007
1121,Q5,7.17245170051374
1123,Q4,6.4656126637243
1125,Q4,6.78253230094122
1127,Q4,7.41252711589539
1129,Q4,5.87565624888311
1131,Q5,5.98668490599842
1133,Q4,6.73188925891755
4001,Q5,2.64411441221791
4003,Q4,2.71976096593235
4005,Q4,2.68949361149383
4007,Q3,2.86676434341267
4011,Q3,2.97964599857908
4012,Q3,2.84578967067678
4013,Q3,4.62845914663208
4015,Q3,2.82881101135363
4017,Q5,2.6758897556882
4019,Q4,3.64564123045363
4021,Q3,3.57486791972137
4023,Q5,2.75964097745615
4025,Q2,2.98179678339999
5001,Q4,6.64952793217345
5003,Q4,6.03328284849473
5005,Q3,5.59864131964222
5007,Q2,6.2311095860685
5009,Q3,5.60026626443396
5015,Q4,5.8180983392707
5017,Q5,6.40109101818168
5019,Q4,5.88036335452276
5021,Q4,7.00357873285701
5023,Q3,6.0638540004657
5027,Q5,5.92179823582563
5029,Q3,6.42395973654679
5031,Q5,7.14493929334909
5033,Q4,6.06924301408524
5035,Q5,7.29403891677463
5039,Q5,5.99157885870444
5045,Q3,6.8012872108224
5047,Q4,5.7838011354009
5049,Q3,5.72529211275797
5051,Q4,5.96639069636685
5055,Q4,7.03793423386818
5057,Q5,5.98774943146897
5059,Q3,6.14480407072166
5061,Q5,5.89728787887953
5063,Q4,6.29750359866569
5069,Q5,6.69254409174674
5071,Q4,5.74126619103863
5075,Q5,6.62827178449807
5079,Q5,6.32302570982847
5081,Q4,6.41477011696871
5083,Q3,5.80362615315221
5085,Q3,7.01198409059228
5089,Q3,5.52381256257596
5091,Q5,6.46984607856584
5093,Q5,7.08249618702201
5099,Q5,5.88217181359665
5103,Q5,5.87973316184984
5107,Q5,6.94514250169919
5111,Q5,7.09940446376792
5115,Q4,6.11714947313623
5117,Q3,6.78137546459964
5119,Q5,6.90720881445443
5123,Q5,7.05710119418647
5125,Q2,6.66083780236106
5127,Q5,5.57065585144562
5131,Q4,6.28867605288544
5139,Q5,6.11629880743466
5143,Q4,6.09365263484575
5145,Q3,6.56046022587067
5147,Q5,6.81236176416323
6001,Q3,5.08846575806355
6003,Q1,2.69048481442156
6005,Q1,3.91834791801083
6007,Q4,3.86965088664881
6009,Q1,3.67616648744982
6013,Q2,4.93964627879781
6015,Q5,2.62277304434589
6017,Q1,3.72862839945085
6019,Q5,4.16545027842802
6021,Q4,3.79125811201272
6023,Q4,2.60107255576869
6025,Q5,4.20481638464091
6029,Q5,3.8406458002544
6031,Q5,4.18615021401358
6033,Q4,3.02190668180155
6035,Q3,2.81761396851951
6037,Q5,5.48893104685529
6039,Q5,3.83297245185378
6041,Q1,4.03078182197043
6045,Q4,2.73898897532727
6047,Q5,4.16839779202279
6049,Q4,2.4442505975823
6053,Q4,3.70860218248584
6055,Q2,3.93908007605822
6057,Q1,3.70682236011725
6059,Q2,5.34185565540498
6061,Q1,4.52111153786573
6063,Q2,2.83958304026526
6065,Q4,4.60913716658313
6067,Q4,5.17688106469454
6069,Q3,4.05186403357439
6071,Q4,5.0030467203735
6073,Q3,5.02964930472629
6075,Q2,4.75271942803337
6077,Q5,4.81468883200787
6079,Q2,3.4787957076469
6081,Q1,4.73254564244476
6083,Q3,3.40802396430664
6085,Q2,4.51981575813682
6087,Q3,4.26378821250599
6089,Q4,3.31071799856796
6093,Q4,2.48670291742619
6095,Q3,4.53324531408295
6097,Q2,3.51027153841859
6099,Q5,4.69452737041901
6101,Q4,4.68154810236442
6103,Q5,3.54290427561274
6107,Q5,3.88870561511044
6109,Q2,3.29139265743509
6111,Q2,3.8128035028156
6113,Q3,4.71170423194121
6115,Q5,4.51049436209353
8005,Q3,4.24298270982448
8013,Q2,3.17415833982272
8023,Q5,2.46376869258069
8029,Q2,2.50388332015415
8031,Q4,4.1148080145585
8035,Q1,3.69964456477787
8039,Q1,3.36331929662688
8041,Q3,3.90359952677108
8043,Q2,2.50769394011774
8045,Q1,2.43102386528239
8047,Q1,2.65866247955898
8051,Q1,2.19369075928208
8063,Q1,3.35455234978686
8067,Q1,2.40771505277201
8069,Q2,3.08967907392637
8071,Q4,2.62880834694076
8077,Q2,3.02774380025773
8081,Q2,2.47937227323244
8083,Q4,2.61765518895842
8085,Q2,2.47370984489479
8087,Q4,3.49982244107492
8089,Q5,2.97586251446193
8095,Q1,3.49392078520799
8099,Q5,3.07354836260953
8101,Q4,3.23031337182265
8107,Q1,2.55689632686774
8109,Q5,2.22313116018582
9001,Q2,6.73468506470033
9003,Q3,6.00338336250012
9005,Q1,5.84153460248046
9007,Q1,6.05386463216031
9009,Q3,6.16220457957369
9011,Q1,6.01872116864302
9013,Q1,6.11283742162255
9015,Q3,6.03208432354126
10001,Q3,7.37296464353583
10003,Q2,8.11266500567657
10005,Q2,6.96209357300105
11001,Q5,8.94598186533326
12001,Q4,7.23127722209532
12005,Q3,5.92639496824125
12007,Q4,7.14910163286167
12009,Q2,5.21856177043378
12011,Q4,5.20231248704373
12015,Q2,5.58492021016264
12017,Q2,6.74415372559379
12019,Q2,7.06869758538873
12021,Q2,5.24599995784606
12023,Q4,7.14098803297692
12027,Q5,6.37711299395095
12029,Q2,6.66150671850745
12031,Q4,6.65236178287716
12033,Q5,6.55667322962237
12039,Q5,7.00104438828779
12045,Q4,5.66277961204788
12049,Q5,6.56728540326731
12051,Q5,6.29720764236312
12053,Q3,6.45716690678753
12055,Q3,6.4039516423519
12057,Q4,6.85246430275805
12059,Q4,7.00181548337179
12061,Q3,5.06258052967205
12063,Q4,7.05942475226854
12065,Q4,6.91400548039731
12067,Q3,7.04606031067918
12069,Q2,6.86220826098688
12071,Q2,5.47226721457808
12073,Q4,6.94720891059483
12075,Q4,6.80613025595013
12079,Q5,7.10046442505428
12081,Q3,5.5917150790737
12083,Q3,7.40802498403949
12085,Q1,5.05341980109729
12086,Q5,4.90095094194455
12087,Q1,3.63033754493798
12089,Q2,6.14819262313805
12091,Q2,6.08706433643343
12093,Q4,6.13790704786786
12095,Q4,6.57786512298432
12097,Q4,6.50965356932124
12099,Q3,5.23976542931731
12101,Q3,6.32733080985237
12103,Q3,5.975297640855
12105,Q4,6.74994505549851
12107,Q5,7.13410393024327
12109,Q1,6.02526111017404
12111,Q3,5.05340625594239
12113,Q2,7.59791697346324
12115,Q2,5.4048567356502
12117,Q2,6.55261829649811
12119,Q1,7.29254831079098
12121,Q4,7.17919743177294
12125,Q4,7.17957619491612
12127,Q3,5.77878970483271
12131,Q3,6.38354603114068
13005,Q4,6.52715014575982
13007,Q5,6.79261657024201
13009,Q5,7.72506634973556
13013,Q3,9.25223365089665
13015,Q3,8.73366606886457
13017,Q5,6.74697158127631
13021,Q5,7.82087748607704
13025,Q5,6.22452760611384
13031,Q5,6.76467725758114
13033,Q5,6.80705913193244
13035,Q3,8.65685409553676
13045,Q4,8.1461133263966
13047,Q3,8.13396192713537
13051,Q4,6.44412814785894
13055,Q5,7.78960813094962
13057,Q1,8.83649736379737
13059,Q5,8.59205041250321
13063,Q5,9.11789026538256
13067,Q3,9.02856936835446
13069,Q5,6.68452916373602
13071,Q5,7.01826045705582
13073,Q1,7.31036872680917
13075,Q5,6.98310278736153
13077,Q2,8.369321467178
13087,Q5,6.87404439192653
13089,Q5,9.16857199353465
13095,Q5,6.9729397877876
13097,Q4,8.70752252100942
13103,Q2,6.87569847016378
13107,Q5,6.625903593866
13109,Q5,6.71453383937964
13113,Q1,8.69063836988762
13115,Q4,8.1401898901754
13117,Q1,8.94821257940724
13119,Q4,7.96394129235737
13121,Q4,8.97884863728127
13123,Q3,7.07682090521092
13125,Q4,7.09908779022408
13127,Q4,5.80193347481203
13129,Q4,8.53441335950226
13131,Q5,6.92833464650298
13135,Q3,9.23974832251839
13137,Q4,7.09172503362524
13139,Q3,8.77871530533424
13143,Q5,7.92630982407203
13147,Q5,8.07917076167175
13149,Q5,7.53971769225496
13151,Q3,9.12112430023721
13153,Q4,7.58234430234307
13157,Q3,9.091821686414
13165,Q5,6.56358900131858
13167,Q5,6.80122804530078
13171,Q5,7.90299023979921
13173,Q5,6.69443596979926
13175,Q5,6.9578958742006
13177,Q2,6.97162742336503
13179,Q5,6.46380508545952
13185,Q5,7.12475134102262
13187,Q3,7.29170614697321
13191,Q4,5.67236834710687
13193,Q5,7.15696177610064
13199,Q5,7.53085995699144
13205,Q5,6.86930678026211
13211,Q4,8.31204662103237
13213,Q4,7.95825835960329
13215,Q5,6.76350251091883
13217,Q4,9.27420206968206
13219,Q1,8.67058978489866
13221,Q3,7.98578839815166
13223,Q2,8.71459638343962
13225,Q5,7.46246207292267
13227,Q2,7.6918810633922
13229,Q4,6.33808979630435
13233,Q5,8.03059945573403
13235,Q4,7.00451485911657
13237,Q3,7.79628982840419
13245,Q5,7.28725839756521
13247,Q4,9.30450201895389
13253,Q5,6.85996115630692
13255,Q5,8.72986501398054
13257,Q4,7.05908336756321
13261,Q5,6.93099784719114
13269,Q5,6.96074239278169
13271,Q5,6.62143988953829
13275,Q5,7.01778274985063
13277,Q5,7.0821738181263
13279,Q5,6.589086332105
13283,Q5,6.74762534563502
13285,Q5,7.28051363560266
13293,Q5,7.46582257320202
13295,Q4,7.94819680215703
13297,Q3,9.20761433402254
13299,Q5,6.26530666332759
13301,Q5,7.13722716001601
13305,Q4,6.37365323433317
13307,Q5,6.68233081435822
13311,Q4,7.10518496277836
13313,Q5,8.35543280220942
13315,Q5,6.79013057186594
13321,Q5,7.00798807598098
16001,Q2,5.79289029565181
16003,Q1,2.85037100195973
16005,Q3,4.37151196523682
16011,Q3,4.43457739687015
16017,Q2,3.73426989352786
16019,Q2,4.67652267910039
16023,Q2,3.03232657672455
16027,Q4,5.85911331337928
16039,Q3,3.36306958241264
16055,Q2,4.33356341278112
16057,Q3,3.99942559524972
16059,Q3,2.70572959171517
16061,Q2,3.30028900124183
16065,Q5,4.55044357297893
16069,Q2,3.44214972129342
16071,Q2,3.89124509994219
16073,Q5,3.92644964051802
16075,Q3,4.60482528750781
16077,Q2,3.90977944594218
16079,Q3,3.14729554924989
16083,Q3,4.34004587769971
17001,Q2,6.46131391367524
17003,Q5,7.32949101430402
17007,Q2,6.7837709148061
17009,Q2,6.37243397114564
17011,Q2,6.75064063166158
17019,Q3,7.0154201115963
17021,Q3,6.78534255456996
17027,Q1,7.18622058735282
17029,Q3,6.93702228731605
17031,Q4,8.48279540936452
17035,Q2,6.94988976659787
17037,Q2,6.95519638265373
17043,Q1,7.71903721716936
17045,Q3,7.12378080473525
17047,Q2,7.1064831070484
17049,Q2,6.84211936082696
17051,Q3,6.69865343938315
17055,Q4,6.937949035716
17057,Q3,6.52441464432182
17061,Q3,6.78612268603977
17063,Q1,7.11258596281154
17065,Q2,6.90884944528929
17067,Q2,6.38065388635003
17069,Q4,6.85319824051834
17073,Q1,6.72971716080079
17075,Q2,7.01218213740278
17077,Q5,6.94748930918166
17081,Q4,6.85311064838686
17083,Q1,7.1832948693928
17085,Q1,6.17617179424544
17087,Q2,6.94061710792582
17089,Q2,7.26716374503054
17091,Q4,7.26654689766979
17093,Q1,7.25137487475773
17095,Q3,6.54628938351165
17097,Q1,7.07803011729026
17099,Q2,6.85989453498269
17101,Q4,7.29668137839397
17103,Q2,6.7477007068974
17105,Q2,6.8430455096139
17107,Q2,6.84712837730689
17109,Q4,6.27306624889914
17111,Q1,7.01409849127903
17113,Q2,6.77465205183118
17115,Q4,7.00267123294255
17117,Q2,6.94359659778271
17119,Q3,7.80463040679408
17121,Q4,6.77953987474778
17123,Q1,6.85234781426417
17125,Q4,6.63741361358482
17131,Q1,6.48574162443141
17133,Q1,7.57555919333973
17135,Q3,6.71106998004038
17137,Q3,6.69765850679817
17139,Q1,6.91818199803921
17141,Q2,6.7347411220747
17143,Q4,6.9125935530136
17145,Q3,6.90669148649643
17147,Q1,7.02210108925278
17149,Q2,6.5401724743531
17157,Q2,7.08534404551492
17161,Q3,6.69338128336637
17163,Q5,7.81413959537281
17165,Q4,6.84508636272383
17167,Q3,6.81165636886782
17173,Q1,6.7744617714804
17177,Q4,6.42985892564079
17179,Q1,7.10695708853242
17183,Q5,7.11797604145591
17187,Q3,6.41124055313815
17193,Q3,7.0627282456765
17195,Q2,6.73955700256025
17197,Q1,7.65871775235269
17199,Q4,6.87747875413646
17201,Q4,6.62377883127751
17203,Q1,6.92923547985158
18001,Q3,7.79317383743354
18003,Q3,7.97631324870456
18005,Q2,7.94786542189802
18007,Q1,7.24410439232853
18009,Q3,7.68802673434058
18011,Q1,7.97489427010046
18015,Q1,7.72983457616607
18017,Q3,7.70314410846901
18019,Q3,8.88114639575936
18021,Q2,7.28221601205951
18023,Q2,7.92147679609954
18025,Q4,7.38380035106134
18027,Q2,7.53406189068878
18029,Q1,7.96800060750122
18031,Q2,8.00232549450561
18033,Q2,7.76169368816689
18035,Q4,7.82393941455025
18037,Q1,7.84367688985453
18039,Q3,8.14685092951414
18041,Q4,7.70223827602967
18043,Q3,8.80973335379029
18045,Q2,7.35736422811335
18051,Q2,7.61834249751664
18053,Q4,7.8002211002119
18055,Q2,7.38308312114515
18057,Q1,8.39450765624299
18059,Q1,8.36888905429269
18061,Q2,7.9349511049677
18063,Q1,8.02060409539793
18065,Q3,7.99100595950136
18067,Q4,8.04635236003259
18069,Q2,7.69993705686873
18071,Q2,7.71864418994892
18073,Q2,7.18275522403741
18075,Q2,7.74975366948223
18077,Q3,7.80378631267121
18079,Q3,7.78296976175545
18081,Q1,8.47041022902231
18083,Q4,7.47011620400354
18085,Q2,7.81413469414584
18087,Q2,7.70776224301494
18089,Q4,8.25351252365993
18091,Q3,7.51050178989273
18093,Q3,7.23230105659903
18095,Q4,8.05141165790268
18097,Q5,8.55655770019168
18099,Q2,7.63455398974772
18103,Q4,7.87117298528224
18105,Q3,7.28322544574919
18107,Q2,7.54018308010121
18109,Q2,7.82884060690943
18113,Q2,7.72872140433394
18117,Q4,7.31793598817103
18119,Q2,7.27158655371573
18121,Q2,7.2114655519842
18127,Q2,7.79706029139386
18129,Q1,7.59467320379924
18131,Q3,7.2750790381285
18133,Q2,7.24015968327665
18135,Q3,7.82160774018527
18137,Q2,7.79241326052577
18141,Q4,7.76867714460113
18143,Q4,7.85991281542492
18145,Q2,8.38316092838238
18147,Q1,7.98832333715893
18149,Q4,7.34466863469746
18151,Q2,7.34496435779739
18155,Q3,7.73936393522887
18157,Q3,7.8561273606913
18161,Q2,7.8043027500777
18163,Q4,7.77979887755409
18167,Q4,7.50726700998366
18169,Q2,7.62970869377321
18173,Q1,7.74624518178757
18175,Q3,7.71655891509542
18177,Q4,7.88219396378517
18179,Q1,7.85791270040088
18181,Q2,7.47044996193797
18183,Q1,7.65307658555891
19001,Q1,5.51188471678714
19005,Q1,5.67009868757958
19007,Q3,5.78632940228462
19009,Q1,5.49864122722653
19011,Q1,6.14730573279602
19013,Q3,6.19849095099559
19015,Q1,6.12222983178726
19017,Q1,6.07525528919523
19019,Q1,6.02124928705495
19027,Q1,5.55635300819412
19033,Q2,5.89964296642811
19045,Q2,6.7409797538073
19047,Q1,5.51654943881287
19049,Q1,6.12927303125765
19053,Q3,5.66719123686228
19055,Q1,5.9943120308007
19057,Q3,6.31698494502826
19061,Q1,6.19710724704588
19065,Q1,5.92662298437859
19071,Q1,5.98646132925161
19075,Q1,6.08004849339969
19079,Q1,5.89022582852845
19083,Q1,5.9235223765847
19087,Q3,6.24541554206447
19089,Q1,5.72163922787156
19091,Q1,5.68197239229867
19095,Q1,6.13506255679869
19099,Q2,6.12590054390992
19103,Q2,6.57741807187366
19105,Q1,6.2362840903324
19109,Q1,5.61140972253283
19111,Q3,6.32332837303199
19113,Q1,6.52060000673675
19117,Q3,5.7527645580607
19119,Q1,5.58150952164065
19123,Q2,6.06999545461351
19125,Q1,5.97930359679324
19127,Q2,6.08817254101439
19131,Q1,5.81180822983615
19133,Q1,5.69054887032903
19137,Q2,5.64729437723232
19139,Q3,6.50232684512566
19143,Q1,5.37716393125
19149,Q1,5.70513563004856
19151,Q1,5.52509234316656
19153,Q2,6.39248398888761
19155,Q3,6.40467529910751
19159,Q1,5.60984725758256
19161,Q1,5.54573955683189
19163,Q3,6.74949176553615
19167,Q1,5.64815729696677
19169,Q1,6.21965125993967
19177,Q2,5.98853784727247
19179,Q3,6.26094525519524
19181,Q1,6.11208222856134
19183,Q1,6.29550417120238
19187,Q3,5.79353928248827
19189,Q1,5.7497965480969
19191,Q1,5.73905427263746
19193,Q3,6.03892863912849
20001,Q2,7.52082976222683
20005,Q2,6.77785307916664
20007,Q2,5.6605275057054
20009,Q2,5.34869066953587
20011,Q3,7.45426239739817
20013,Q4,6.40334493035341
20015,Q1,7.66516813423491
20021,Q3,7.11275554386552
20023,Q1,3.78481273973686
20031,Q1,7.35194584346585
20035,Q3,7.41815469719416
20037,Q3,7.12084002212159
20041,Q2,6.99112774458121
20045,Q3,7.32380139062526
20051,Q1,4.7982269916401
20053,Q1,5.60283613229033
20055,Q3,4.41501026455473
20057,Q4,4.59619845073991
20059,Q1,7.17705162781271
20061,Q4,7.0387345694686
20079,Q1,7.10484258356266
20087,Q1,7.18946660527109
20091,Q1,7.94425322219526
20099,Q3,7.17255125449339
20103,Q1,7.35167395306195
20109,Q1,4.05855964021449
20111,Q4,7.41037174219383
20113,Q1,6.40948488248942
20121,Q1,7.30623809032953
20123,Q1,5.83834768634612
20125,Q3,7.66287247880904
20127,Q1,7.18844033523473
20129,Q1,3.69674296077575
20135,Q1,4.33687048865212
20149,Q1,7.24565892850905
20155,Q3,6.23715345849653
20161,Q4,7.10442001188507
20169,Q2,6.61530330370234
20173,Q3,7.70683948923762
20177,Q4,7.26142574548711
20183,Q1,5.11810380770122
20189,Q2,4.16698218382416
20191,Q2,7.51331109958303
20201,Q1,6.34026127772493
20205,Q2,7.69161159149056
20209,Q5,7.94953709110388
21001,Q5,6.81167727656941
21003,Q4,7.16085779702444
21005,Q2,7.66026344347968
21009,Q4,7.27139804063569
21011,Q5,7.22193320486336
21013,Q5,6.32340244218964
21015,Q1,8.15165489704763
21019,Q4,7.81093545646594
21021,Q4,7.34853148002036
21027,Q3,7.21835204263527
21029,Q2,8.20323589576534
21035,Q3,6.68827824369907
21037,Q3,8.27582456403148
21043,Q4,7.15516364632215
21047,Q5,6.92154903971531
21049,Q4,7.61909753126609
21051,Q5,6.31723344055063
21059,Q3,7.93410118919835
21063,Q5,6.83546592014044
21065,Q5,6.96887385306754
21067,Q4,7.88288470219661
21071,Q5,6.48943271883002
21073,Q4,7.93114885523721
21075,Q5,6.78837152683875
21079,Q4,7.31353556475769
21081,Q5,7.73231028407772
21083,Q4,6.88681351429847
21085,Q4,7.04858891834247
21089,Q3,7.57026354589809
21093,Q3,7.41467203592672
21095,Q5,6.11067926944984
21099,Q5,7.07344546626799
21101,Q4,7.83841059899907
21107,Q4,6.93550443725418
21111,Q4,8.83660987897555
21113,Q4,7.76098926409809
21115,Q5,6.64385921740792
21117,Q3,8.27862793991548
21119,Q5,6.26614561153167
21121,Q5,6.44069258188591
21123,Q3,7.23628538153098
21125,Q5,6.73786482101634
21131,Q5,6.07666979657701
21133,Q5,6.08144854360504
21141,Q4,7.25544021719932
21143,Q2,6.69719843659457
21145,Q4,7.15346014225848
21147,Q5,6.39392573159275
21151,Q4,7.31848907391273
21155,Q4,7.19376058184955
21157,Q2,6.90314102462724
21159,Q5,6.60806986637468
21161,Q4,7.43739198932797
21163,Q3,7.47210043466433
21177,Q4,7.1813877570103
21179,Q3,7.45217359073039
21181,Q3,7.41294710305869
21183,Q4,7.4510822631195
21185,Q1,8.89231772286036
21191,Q3,7.70502895286181
21193,Q5,6.20618092206082
21195,Q5,6.33735955374429
21199,Q4,6.78550792169577
21203,Q5,6.89896757271776
21205,Q5,6.9271638292928
21209,Q3,7.89748122014708
21211,Q2,8.28728836946492
21213,Q4,7.36587572736868
21217,Q5,7.00436519880936
21223,Q3,7.97110530167858
21225,Q3,7.12566470964391
21227,Q4,7.31263035089927
21231,Q5,6.61718134615756
21233,Q3,7.14483658815931
21235,Q5,6.60805418103162
21237,Q5,6.62615454088079
21239,Q2,7.87268215650696
22001,Q5,6.22633031845495
22003,Q5,5.56366042592113
22005,Q2,8.21374906440533
22007,Q4,7.0587871430962
22009,Q5,6.0350375421532
22011,Q3,5.61340061303968
22013,Q5,5.68704876977315
22015,Q4,5.80596525067119
22017,Q5,5.82076548495844
22019,Q4,6.01892553062392
22023,Q1,4.94853214564532
22025,Q5,5.78419251896941
22027,Q5,5.71343874265392
22031,Q5,5.72018147552703
22033,Q5,8.35313224509502
22039,Q5,6.0742265248689
22041,Q5,5.87512213321906
22043,Q4,5.67327236761922
22045,Q5,6.2549209731181
22047,Q5,7.97349278653432
22051,Q4,6.5105307624354
22053,Q4,5.72480122983133
22055,Q4,6.75917406138298
22057,Q3,6.20526118835692
22059,Q3,5.75282824055072
22061,Q5,5.98295778080445
22063,Q2,7.33821989460466
22065,Q5,6.17470317765164
22067,Q5,6.12152434343007
22069,Q5,5.60723482847787
22071,Q5,6.14045590715036
22073,Q5,6.10540421294345
22075,Q3,5.03945085897339
22077,Q4,7.17233123692335
22079,Q5,5.8306519815188
22083,Q5,6.17073076264342
22085,Q4,5.51149384232534
22089,Q4,7.25144076767954
22091,Q5,6.13511799030524
22093,Q4,7.90807954888665
22095,Q5,6.92307204819405
22097,Q5,6.51751800310566
22099,Q4,6.7044221502003
22101,Q5,5.51564872768493
22103,Q2,5.52257545192362
22105,Q5,6.13688482816322
22109,Q4,5.58266845796769
22111,Q4,5.97988801785533
22113,Q4,5.93187958219778
22115,Q4,5.37075336723878
22117,Q5,6.00660374674865
22119,Q5,5.80143368556589
22127,Q5,5.66068109404284
23001,Q3,4.6392865654257
23003,Q3,3.22624833474214
23005,Q2,4.75921458277404
23007,Q2,3.88266932120448
23009,Q1,3.74102860604548
23011,Q2,4.4493384056395
23013,Q2,4.15285777129183
23015,Q1,4.41512616851128
23017,Q2,4.05168926819183
23019,Q3,3.78180273763715
23023,Q1,4.63815053945713
23025,Q4,3.92384627284402
23027,Q2,4.1634597887429
23029,Q4,3.31273832806691
23031,Q1,5.16063400266731
24001,Q3,6.47701644790773
24003,Q1,8.27673308983125
24005,Q2,9.15221927601391
24009,Q1,7.30359263026353
24011,Q2,7.48499858651379
24013,Q1,8.43896862482242
24015,Q2,7.97651484318679
24017,Q1,7.93774551468239
24019,Q4,7.14373724999313
24021,Q1,8.31505349440505
24023,Q2,6.32515967502408
24025,Q1,8.74232315825699
24027,Q1,8.93782631021835
24029,Q1,8.30180660561224
24031,Q1,8.99256455555241
24033,Q3,8.70655642820078
24035,Q1,7.76251639991781
24037,Q1,7.27183166951685
24041,Q1,7.25406130931723
24043,Q2,7.74652640080559
24045,Q3,7.0745341721801
24047,Q1,6.69954988054549
24510,Q5,9.15538267364851
25001,Q1,5.76868340576347
25003,Q2,5.62748185731751
25005,Q3,7.03872548845383
25009,Q3,6.87508640823373
25011,Q2,5.67507846693966
25013,Q5,6.13558333459342
25015,Q2,6.17984253748629
25017,Q1,7.16917106853104
25021,Q1,7.51826220540275
25023,Q1,7.17489875499246
25025,Q5,7.67322627178389
25027,Q2,6.29076924125441
26001,Q2,4.36793863960416
26003,Q1,3.59215870650438
26005,Q2,6.46128364598956
26007,Q3,4.27997096702876
26009,Q2,4.43590581359136
26011,Q3,5.16769916261149
26015,Q1,6.67711424809741
26017,Q3,6.1053637581872
26019,Q1,4.59179027725745
26021,Q4,6.81650670728054
26023,Q3,6.95430592407232
26025,Q4,6.73191956716775
26027,Q3,7.33982950182021
26031,Q4,4.07289594464224
26033,Q3,3.8964806618257
26035,Q4,5.02494737202468
26037,Q1,6.65681791358383
26041,Q2,4.02007010062523
26043,Q2,3.79475036232296
26045,Q2,6.69457748431915
26047,Q1,4.16900822755051
26049,Q5,6.69933701490318
26051,Q3,5.10238832594312
26055,Q2,4.61989371604967
26057,Q4,6.1732192552889
26059,Q3,6.91290652069245
26061,Q3,3.52376089388565
26063,Q2,5.39856228531198
26065,Q4,6.76092919593208
26067,Q3,6.5263130021087
26069,Q3,4.64242279456698
26071,Q1,3.57030206484941
26073,Q4,5.62830699584739
26075,Q4,6.79945153517975
26077,Q4,6.96791626624284
26079,Q3,4.60617656871274
26081,Q4,6.81709044101012
26085,Q3,4.87304333834026
26087,Q2,6.54424866485393
26091,Q3,7.11581846668066
26093,Q1,6.88117834563359
26099,Q3,7.12392963718346
26101,Q2,4.82879701763931
26103,Q2,3.65366038468617
26105,Q3,4.88922608671388
26107,Q3,5.36070073947852
26109,Q2,4.23156525769469
26111,Q2,5.856922057212
26113,Q2,4.67481139597791
26115,Q2,7.7198624955177
26117,Q4,6.05636586653121
26121,Q5,6.01703995327
26123,Q4,5.76963014050552
26125,Q2,7.09795680788174
26127,Q3,5.17922828797775
26131,Q1,3.57510696566365
26135,Q3,4.34725035010261
26139,Q1,6.39170923632488
26145,Q5,6.38864061146359
26147,Q3,6.67015669789789
26149,Q3,7.24062754038426
26151,Q3,6.00974268554337
26155,Q3,6.67801522658293
26157,Q3,6.2524559664968
26159,Q4,6.70460691145273
26161,Q2,7.15654683636924
26163,Q5,7.77144344129341
26165,Q4,4.70915239637633
27001,Q2,4.27028741215028
27003,Q1,7.00350280709088
27005,Q2,4.73838292215198
27007,Q4,4.07050702962479
27009,Q2,6.24582226712313
27013,Q2,6.09283292857613
27015,Q1,5.83238197192918
27017,Q2,4.60990496342409
27019,Q1,6.87856724221989
27021,Q2,4.41761946466195
27023,Q1,5.59579592420111
27025,Q1,5.97837809704219
27027,Q2,5.36035000530573
27029,Q3,4.10771486098295
27033,Q1,5.44983998807065
27035,Q2,4.78633702726661
27037,Q1,7.15470970749595
27039,Q1,6.37760513018181
27041,Q1,5.18864365683063
27045,Q1,5.99254206068796
27047,Q1,5.97602443744637
27049,Q1,6.42304746831724
27053,Q2,7.30468792112116
27059,Q1,6.14185545832406
27061,Q1,4.13939867843199
27065,Q2,5.1417786050203
27067,Q2,5.71025957645406
27069,Q1,4.17949788940247
27075,Q1,3.77135493640957
27079,Q1,6.35591198614569
27083,Q1,5.42377815014017
27085,Q1,6.18791848412882
27091,Q1,5.71320546213769
27093,Q1,6.04515890742797
27097,Q2,5.43022203810643
27099,Q3,6.04977722112557
27101,Q1,5.25984982620242
27103,Q1,6.13478377130538
27105,Q3,5.32224364438896
27109,Q1,6.43472706288599
27111,Q1,4.92617789177552
27115,Q2,4.76763989583747
27119,Q2,4.6472724562627
27123,Q4,7.48692891873742
27127,Q2,5.66293718287777
27129,Q1,5.80115372242131
27131,Q2,6.54521529924651
27135,Q1,3.89478261951563
27137,Q2,4.58186377079449
27139,Q1,6.9097905611507
27141,Q1,6.61460361974625
27145,Q2,6.19434379130942
27147,Q1,6.27760226927917
27149,Q1,5.22812348482701
27153,Q2,5.17275141080437
27155,Q1,4.97374288494178
27161,Q1,6.1451350341511
27163,Q1,6.95289461034544
27169,Q2,6.04511172938896
27171,Q1,6.79721380138935
28001,Q5,5.88072437752935
28003,Q4,6.5479377132312
28005,Q5,5.88139941474197
28007,Q5,6.04007649915855
28011,Q5,6.99709512322188
28013,Q5,6.15863927741677
28015,Q5,6.22373520175128
28017,Q5,6.47469217186741
28025,Q5,6.79566045185902
28027,Q5,7.07768827834321
28029,Q5,6.24722473248579
28031,Q5,6.38557686508488
28033,Q3,7.17802132639488
28035,Q5,6.37287359695457
28039,Q3,6.22431238145128
28041,Q4,5.92946069587428
28043,Q5,6.31602635682356
28045,Q4,5.68821543447671
28047,Q5,6.07166657939779
28049,Q5,6.86608069035413
28055,Q5,6.55698446853684
28057,Q3,6.5974432749978
28059,Q4,6.16055318508892
28061,Q5,6.26092058466947
28067,Q5,6.46413870721991
28069,Q5,6.13993180654604
28071,Q4,6.26864054474711
28073,Q4,6.2301978396522
28075,Q5,6.35576280134754
28077,Q5,6.24774745336586
28081,Q5,6.76714516514751
28083,Q5,6.63833650808258
28085,Q5,6.08287679921756
28087,Q5,6.76783046609006
28089,Q4,6.80590585443148
28091,Q5,6.14911246147577
28093,Q5,6.44755836093178
28095,Q5,6.66745818189671
28099,Q5,6.44216969615452
28101,Q4,6.41089665555182
28105,Q5,6.53676919048978
28107,Q5,6.49801846748802
28109,Q4,6.0004846780552
28113,Q5,6.27692664019961
28115,Q4,6.57219368811664
28117,Q5,6.60738321891751
28119,Q5,6.77285030482474
28121,Q3,6.73248759961423
28123,Q5,6.39634957053835
28127,Q5,6.3535091551726
28133,Q5,6.95483183220926
28137,Q4,6.7638093738084
28139,Q5,6.43760162100436
28145,Q5,6.52657882291372
28149,Q5,6.25575115656365
28151,Q5,6.85950683541273
28153,Q5,6.0351390022065
28157,Q5,5.84881040645179
28163,Q5,6.59518590342729
29001,Q3,6.02562856954845
29003,Q1,6.50845918420183
29007,Q3,6.41786115404752
29009,Q3,6.31207173879909
29011,Q3,6.76455089486239
29013,Q3,6.84651363043818
29015,Q2,6.1510115897187
29017,Q3,6.79106553355673
29019,Q3,6.69047666818025
29021,Q3,6.77349781065036
29023,Q5,6.80788554869369
29027,Q2,6.55151369243408
29029,Q1,6.01085004605935
29031,Q3,7.34216069196986
29037,Q1,7.5472623240749
29041,Q1,6.28612041311893
29043,Q2,6.65207581059775
29047,Q1,7.60394763216813
29051,Q2,6.61493229311693
29055,Q3,5.89071189505672
29061,Q2,6.18427061045442
29063,Q1,6.63258155356944
29069,Q5,7.3223339256144
29071,Q2,6.99113394427791
29077,Q3,6.98977223867757
29083,Q3,6.47774424152851
29089,Q3,6.4768910330121
29091,Q4,5.88171850098967
29095,Q4,7.7055438380722
29097,Q4,7.07854809007853
29099,Q2,7.53342816821446
29101,Q2,6.94955714443198
29103,Q2,6.14187940073878
29105,Q3,5.82845138197627
29107,Q2,6.96979010011253
29109,Q4,6.52392988691887
29113,Q2,7.35906665883752
29117,Q4,6.15995198385602
29125,Q2,6.01865331749725
29127,Q4,6.55599598179929
29131,Q3,6.18586745002109
29133,Q5,7.4218834595692
29135,Q2,6.46106813534586
29137,Q2,6.3132263031422
29145,Q3,6.86975444167118
29147,Q2,5.9827524500055
29153,Q2,5.59766412569632
29157,Q1,7.03332274628712
29159,Q3,6.50777920409271
29161,Q3,5.81632041011488
29163,Q3,6.5519182638751
29165,Q1,7.74188075402066
29167,Q4,6.50395585608017
29169,Q3,5.7342345092119
29175,Q4,6.47137064333453
29177,Q1,6.95078378657636
29181,Q5,6.23951376794525
29183,Q1,7.92248727200295
29187,Q4,6.43284929367106
29189,Q3,8.07186781548297
29195,Q4,6.47883336220157
29201,Q4,7.54788914237865
29203,Q5,5.69960144902989
29207,Q4,7.3546670032221
29209,Q2,6.18052605208427
29211,Q4,5.83371017573679
29213,Q3,5.98768712962472
29215,Q4,5.73144773386445
29219,Q2,7.15461137400825
29221,Q4,6.15295536154665
29223,Q4,6.22886200155297
29225,Q3,6.28607635818723
29510,Q5,8.17318094589306
30001,Q2,2.40413255290096
30013,Q3,2.94820721803072
30015,Q4,2.9045088459446
30029,Q2,2.96450370189556
30031,Q2,3.06299464836974
30047,Q4,2.60424966015327
30049,Q1,2.66381933671337
30053,Q3,2.55734652264274
30061,Q3,2.47514324452089
30063,Q3,2.77389009635675
30069,Q3,2.6227705270951
30081,Q2,2.71502977252874
30091,Q1,3.43967137065965
30093,Q3,2.58232539221836
30095,Q1,2.80961789414867
30101,Q2,2.85240868897065
30103,Q1,3.07480979074369
30109,Q1,3.27298924058105
30111,Q2,3.92613902782661
31001,Q2,5.36710930590608
31003,Q2,4.80703112533067
31019,Q2,4.89950191858161
31025,Q1,6.43421767331021
31047,Q3,4.39944064208242
31051,Q1,5.58856641860743
31053,Q3,6.11345909401897
31055,Q3,6.64912921310815
31067,Q2,5.99752056724535
31079,Q2,5.24052949973368
31091,Q1,3.31560207453274
31095,Q1,5.94345854459826
31097,Q2,5.92812140586011
31103,Q2,3.81076990511441
31109,Q2,6.23796404349377
31111,Q2,4.0159516744606
31119,Q2,5.2838449265471
31125,Q1,5.15734184162617
31129,Q2,5.55058277601467
31137,Q1,4.73017230826611
31141,Q1,5.5199797187026
31145,Q1,4.22002560891492
31151,Q1,5.84441513672343
31153,Q1,6.78175555534682
31157,Q3,3.64510731683413
31161,Q3,3.21903086524446
31167,Q1,5.4188857967165
31177,Q1,6.33129420352396
31179,Q2,5.40759021302107
31185,Q1,5.60457519605605
32001,Q2,2.8546560981118
32003,Q3,3.369125925745
32005,Q1,3.04198823234255
32007,Q1,2.29441643019533
32009,Q1,2.24442530725542
32021,Q3,2.42314888729317
32031,Q3,3.44695660578321
32510,Q4,3.22192121874589
33001,Q1,4.83406568743708
33003,Q1,4.38574111657207
33005,Q1,5.1799947828717
33007,Q2,4.01281651275431
33009,Q1,4.51796241944767
33011,Q1,6.02111624342108
33013,Q1,5.33139105595285
33015,Q1,6.23142891504475
33017,Q2,5.40705469520469
33019,Q2,4.88003092177524
34001,Q3,6.51538280303101
34003,Q1,7.50290188447447
34005,Q1,8.05604115131736
34007,Q4,8.2082423873293
34009,Q1,6.66884928685009
34011,Q5,7.21898752972574
34013,Q5,7.56485389102844
34015,Q1,8.14754237912166
34017,Q5,8.01368549992328
34019,Q1,7.50306226031827
34021,Q3,7.74274663730663
34023,Q1,7.54125057251807
34025,Q1,7.40111306299496
34027,Q1,6.94308646909106
34029,Q1,6.93461304238754
34031,Q5,7.25310166157442
34033,Q3,7.94625419644979
34035,Q1,7.38659963782679
34037,Q1,6.46301318053536
34039,Q3,7.70572327770416
34041,Q1,7.20995097769954
35001,Q4,6.03004970294562
35003,Q1,2.53896404026376
35005,Q5,3.91828317116314
35006,Q5,2.88372707689269
35007,Q3,2.79396793470255
35009,Q5,4.31277419689533
35011,Q4,3.67167725753749
35013,Q5,5.21867990872862
35015,Q3,3.49291322426862
35017,Q4,3.3886612599143
35023,Q5,2.89045171054591
35025,Q4,3.99251877643569
35031,Q5,3.3720385487697
35035,Q4,3.50891364415531
35037,Q4,3.29741804498483
35039,Q5,4.33291899252438
35043,Q2,5.2181589915883
35045,Q5,3.98818805434779
35047,Q5,3.36456385850964
35049,Q3,4.90662254702268
35055,Q4,3.89409588124233
35061,Q5,5.58217612906366
36001,Q3,5.77395588082413
36003,Q3,5.42106913144987
36005,Q5,8.23355663153239
36007,Q3,5.79639366538194
36009,Q3,5.58015331425695
36011,Q2,6.3044094755218
36013,Q4,5.97986573455601
36015,Q4,5.78685102218956
36017,Q2,5.4492715269961
36019,Q2,5.2523304168188
36021,Q1,5.93392989210602
36023,Q2,5.80447331527797
36025,Q2,5.08747677758241
36027,Q1,6.48968933080477
36029,Q4,6.77447328643803
36031,Q2,4.53149232618974
36033,Q3,4.72366121006917
36035,Q4,5.38662502968098
36037,Q2,6.55443101323017
36039,Q2,5.39256221831154
36041,Q1,4.15334165082722
36043,Q2,5.45698460403878
36045,Q4,5.33653383774889
36047,Q5,8.6297960599014
36049,Q2,4.94505934420792
36051,Q2,6.12397972507309
36053,Q2,5.84675471344657
36055,Q4,6.50168733772715
36057,Q4,5.6019900990703
36059,Q1,8.08626935172253
36061,Q5,8.1938351676576
36063,Q3,7.21696163580514
36065,Q3,5.76996122095674
36067,Q3,6.18623947951968
36069,Q1,6.39951618409178
36071,Q2,6.4888080032813
36073,Q3,6.25603371268258
36075,Q3,5.75289297355198
36077,Q2,5.26102450028734
36079,Q1,6.55432219932709
36081,Q4,8.65653740366426
36083,Q3,5.89972027602457
36085,Q3,8.13868938915676
36087,Q2,6.83074643598637
36089,Q3,5.02822118141479
36091,Q1,5.81130792502799
36093,Q3,5.86389140740914
36095,Q2,5.17913402616268
36099,Q2,6.25470868747051
36101,Q3,5.56773757664529
36103,Q1,6.89118001254051
36105,Q3,5.49128979726003
36107,Q2,5.85765883899166
36109,Q2,5.89791801067295
36111,Q2,5.88967327293668
36113,Q2,5.1161225437677
36115,Q2,5.32104970599519
36117,Q2,6.47125126166427
36119,Q2,7.43525392310073
36121,Q2,6.09550452674961
36123,Q2,5.93931669521138
37001,Q4,7.23501878655647
37003,Q3,6.86725527979065
37005,Q4,5.97849634373839
37007,Q5,7.13886464276955
37009,Q3,5.72679234845563
37013,Q4,6.6756802182603
37015,Q5,6.58841684329942
37017,Q5,7.10993296394038
37019,Q3,5.86201053419022
37021,Q3,5.98361263658995
37023,Q4,6.26454070476765
37025,Q3,7.78880562925187
37027,Q4,6.36563105339244
37029,Q1,6.13001441760216
37031,Q2,5.33617400520951
37033,Q5,7.15515881408033
37035,Q3,7.10758792746908
37037,Q2,7.14721119560907
37043,Q3,5.56489807729328
37045,Q5,7.34569301853416
37047,Q5,6.90900881418142
37049,Q4,6.36547547403428
37051,Q5,7.30071692592163
37055,Q1,5.11369143160804
37057,Q4,7.68502807889049
37059,Q2,7.55734866997379
37061,Q5,7.13364036586503
37063,Q4,7.23395644562016
37065,Q5,7.28871461148788
37067,Q4,7.52685009708209
37069,Q4,7.13157676706658
37071,Q4,7.64378285452626
37073,Q4,6.73710874326369
37077,Q3,7.08614403343294
37081,Q4,7.49178481283941
37083,Q5,6.91054553968682
37085,Q4,7.47897768821721
37087,Q2,5.55532534598028
37089,Q2,5.95664581208221
37091,Q5,6.64880869360441
37093,Q5,7.13963950143845
37097,Q3,7.57884644603288
37099,Q3,5.41138169222213
37101,Q3,7.64308601567018
37103,Q4,6.74606074216537
37105,Q4,7.18654613910614
37107,Q5,7.27406691511309
37109,Q3,7.42452829688247
37111,Q4,5.91214284898824
37113,Q3,5.43353685594018
37115,Q3,5.95370518805996
37117,Q5,6.68116432922752
37119,Q4,8.05864025472326
37123,Q5,7.0899148679142
37125,Q3,6.97965374139689
37127,Q4,7.31373694615882
37129,Q3,5.89414570449887
37131,Q5,6.87259816972112
37133,Q4,6.18075733960234
37135,Q3,7.19004950631971
37139,Q5,6.21068192715222
37141,Q3,6.36123738771761
37143,Q4,6.34892181739554
37145,Q4,7.07438207449193
37147,Q5,7.22985653105092
37151,Q4,7.33036135661306
37153,Q5,7.05269269961004
37155,Q5,7.34951707429633
37157,Q4,7.1422685251711
37159,Q4,7.71073076973031
37161,Q5,6.60929612098316
37163,Q5,7.35339084272644
37165,Q5,7.1552478571888
37167,Q3,7.42512635137025
37169,Q3,6.96910083489361
37171,Q4,6.4273832898784
37175,Q2,5.62241252198985
37179,Q2,7.75524666347298
37181,Q5,6.95518515755823
37183,Q2,7.66600846320278
37189,Q3,5.95681010675005
37191,Q5,7.69236000668097
37193,Q4,6.21621000441679
37195,Q5,7.55136297551954
37197,Q3,6.94000256095937
37199,Q3,5.85911464466153
38001,Q1,3.44686304122798
38003,Q1,4.50943333902389
38015,Q1,4.14232742046223
38017,Q2,5.35739199430397
38023,Q1,3.52653956316506
38027,Q2,4.231740915967
38035,Q2,4.74493427194592
38043,Q2,3.89744071260479
38057,Q1,3.80271801247267
38059,Q1,4.1220280379168
38077,Q1,4.96407593671288
38079,Q5,3.73871522860511
38089,Q1,3.53394090005957
38093,Q1,4.26991501138626
38101,Q1,4.00194891892487
39001,Q5,7.37306482466905
39003,Q4,7.83682967241018
39005,Q2,7.58206147190921
39007,Q4,6.49602186694696
39009,Q5,7.07975371406069
39011,Q1,7.86743844497619
39013,Q3,7.2431532579269
39015,Q2,7.8363731070396
39017,Q3,8.35896114364312
39019,Q2,7.40232149505048
39021,Q2,7.83083224053366
39023,Q4,7.82613245862107
39025,Q2,8.33368022591644
39027,Q3,7.91707568848378
39029,Q3,7.54413441304104
39031,Q3,7.33776977856298
39033,Q3,7.48469637297135
39035,Q5,7.96710429108245
39037,Q2,7.87041157669586
39039,Q3,7.44428678890041
39041,Q1,7.97287846513959
39043,Q3,7.27677746957403
39045,Q2,7.92102645387611
39047,Q4,7.59828376770662
39049,Q4,8.0791441189027
39051,Q2,7.36960663482016
39053,Q4,7.50484559609909
39055,Q1,7.40778871636402
39057,Q2,8.07312048955598
39059,Q4,7.0862788039602
39061,Q4,8.44500213637772
39063,Q2,7.68895356881933
39065,Q2,7.58469199886767
39067,Q3,7.10865647262106
39069,Q2,7.6319454865965
39071,Q4,7.57123101355641
39073,Q3,7.39471490581625
39075,Q2,7.53957515015444
39077,Q3,7.39013693190241
39079,Q5,7.21718798687237
39081,Q4,7.48314021866323
39083,Q2,7.39150427078263
39085,Q2,7.13771845149455
39087,Q4,7.73526239855763
39089,Q2,7.75810757936445
39091,Q3,7.65145453222826
39093,Q3,7.86528091330303
39095,Q5,7.80898912152422
39097,Q2,7.89392559791527
39099,Q4,7.58898627736693
39101,Q4,7.66979715517281
39103,Q1,7.81924530935546
39105,Q5,7.47353274907665
39107,Q1,7.86100327231084
39109,Q2,7.92903673994298
39111,Q3,7.21024353545929
39113,Q4,8.09069985152555
39115,Q4,7.23419473329459
39117,Q1,7.56316641950689
39119,Q4,7.42329789262833
39123,Q1,7.58379015330933
39127,Q4,7.4899814962431
39129,Q2,7.92917699776085
39131,Q5,7.31798781050236
39133,Q2,7.62784444153332
39135,Q1,7.99472717607444
39137,Q1,7.76295406069713
39139,Q3,7.48833317856864
39141,Q4,7.5286003500896
39143,Q2,7.60502231225358
39145,Q5,7.39731903925191
39147,Q2,7.59502074389015
39149,Q2,7.77985474472082
39151,Q3,7.81439718061499
39153,Q3,7.76003522577926
39155,Q4,7.42605688256966
39157,Q2,7.42313901263608
39159,Q1,7.79547790422065
39161,Q1,7.83732777017754
39165,Q1,8.31476444914437
39167,Q3,7.75446809604606
39169,Q2,7.84154260263427
39171,Q2,7.27646934923744
39173,Q2,7.76722160056489
39175,Q1,7.58486465117133
40001,Q5,5.97083622142655
40003,Q1,5.90339066179314
40005,Q4,5.96766657687334
40007,Q1,4.36102442778832
40009,Q3,4.81992167747136
40013,Q4,6.59077465971199
40015,Q5,5.53059482979862
40017,Q1,6.2470663241348
40019,Q3,6.21600452760938
40021,Q5,6.1569896187086
40027,Q2,6.33600942610211
40031,Q5,5.55748942609834
40037,Q3,6.94726536671218
40039,Q3,5.18401064698745
40041,Q4,6.36028848264609
40045,Q1,4.52968840457698
40047,Q4,6.21448063740156
40049,Q3,6.21588594297844
40051,Q3,6.07532892710441
40055,Q3,4.93581436946982
40059,Q2,4.54155219476934
40061,Q2,6.05144634542597
40065,Q4,5.10798978177202
40069,Q5,6.25980027200811
40071,Q4,7.12624974066354
40079,Q4,5.9288024910988
40081,Q2,6.26424030121662
40083,Q2,6.28065552494042
40085,Q3,6.64935449078024
40087,Q1,6.27855559615595
40089,Q5,6.15394577858576
40097,Q3,6.72342510287634
40101,Q5,6.44428395013203
40105,Q3,7.57656171569101
40107,Q5,6.42891448216578
40109,Q4,6.42838263915832
40111,Q5,6.7029507315496
40113,Q3,7.50220236489783
40115,Q4,6.87428121185154
40117,Q3,6.98340750337574
40119,Q3,6.39218204809069
40121,Q3,5.96420648896459
40123,Q4,6.26629308849625
40125,Q4,6.22422388327585
40127,Q5,5.73743536720053
40131,Q1,7.47326794966674
40133,Q5,6.46545899315737
40135,Q5,6.20483010153915
40137,Q2,5.92244714739115
40143,Q4,7.49251602266502
40145,Q2,7.0075826565851
40147,Q3,8.00165105167491
41001,Q3,2.52442197212822
41003,Q2,3.87543013316161
41005,Q2,5.09161442736156
41007,Q3,2.39444619613966
41009,Q2,3.58889966949583
41011,Q4,2.37033169736949
41013,Q3,2.92571384203067
41015,Q2,2.43345248794634
41017,Q2,3.04918247653646
41019,Q3,3.01580425698928
41021,Q2,2.75441733482843
41029,Q3,3.00220912951495
41033,Q4,2.67932555016455
41035,Q4,2.80244173684534
41039,Q3,3.27160027173525
41041,Q3,2.51272997986157
41043,Q3,4.19011687047547
41045,Q5,4.20892840994699
41047,Q4,4.78736380480014
41051,Q4,5.25005297924667
41053,Q3,4.24735725069282
41057,Q3,2.4071269856243
41059,Q4,3.24737743997259
41061,Q3,2.48102661164828
41065,Q4,2.6949782942372
41067,Q2,5.02504130481998
41071,Q3,4.34841937551617
42001,Q1,8.09211527425277
42003,Q3,8.133872710977
42005,Q2,7.36506298578236
42007,Q2,7.95676584973886
42009,Q2,6.5125585808055
42011,Q3,8.00219944100774
42013,Q3,6.45841795680093
42015,Q2,5.70066625281937
42017,Q1,8.08919219173709
42019,Q1,7.59341222032699
42021,Q2,6.66629474737072
42023,Q1,5.19643717856289
42025,Q2,6.46161244743972
42027,Q1,6.26624161301005
42029,Q1,8.38365293988911
42031,Q2,6.47873328953922
42033,Q3,6.0501586364087
42035,Q2,5.71197469954845
42037,Q2,6.37391815040929
42039,Q3,6.49180747783043
42041,Q1,7.676696963123
42043,Q3,7.72410376590771
42045,Q2,8.74784402728585
42047,Q1,5.50691388093859
42049,Q3,6.14260798688652
42051,Q4,7.0431499833652
42055,Q1,7.42231611468147
42057,Q2,6.79594811954451
42059,Q3,7.12533192684386
42061,Q1,6.53594000722103
42063,Q2,7.01127024297846
42065,Q2,6.28000144010116
42069,Q3,5.79693473499912
42071,Q1,8.66417411965397
42073,Q3,7.74569215056433
42075,Q1,7.95795458551346
42077,Q3,7.42270638961373
42079,Q3,5.92926340805884
42081,Q3,5.80254407880152
42083,Q3,5.35844980780325
42085,Q3,7.25796305337842
42087,Q2,6.54907306014632
42089,Q2,6.21227043916933
42091,Q1,8.33020840426919
42095,Q2,7.25873005029182
42097,Q2,6.82367959745935
42099,Q1,7.12114464673462
42101,Q5,8.47776850939218
42107,Q2,6.76295695963459
42109,Q1,6.81293640996258
42111,Q2,6.60665298843839
42113,Q1,5.52419972615376
42115,Q2,5.65156588387082
42117,Q3,5.34049628039483
42119,Q2,6.55860028118922
42121,Q3,6.37605219128116
42123,Q1,5.70047773165686
42125,Q2,7.94681225944671
42127,Q1,5.66670679074255
42129,Q2,7.6153564186226
42131,Q2,5.71003612395273
42133,Q1,8.36559453255064
44001,Q1,6.71098286572015
44003,Q1,6.34781921500067
44005,Q1,6.2469729566936
44007,Q4,6.53463390240973
44009,Q1,5.94989522578569
45001,Q5,7.23706631194661
45003,Q4,7.02981342217444
45005,Q5,6.28035268260875
45007,Q4,7.69088297656903
45009,Q5,6.47374181791508
45013,Q2,5.86198436868732
45015,Q4,6.53727312281603
45019,Q4,5.86172711536671
45021,Q5,7.55228897661179
45023,Q5,7.00578312303236
45025,Q5,6.96512712591135
45027,Q5,6.89603628328174
45029,Q5,6.25495862453077
45031,Q5,7.22629819197805
45033,Q5,7.22935314038971
45035,Q3,6.66507530970528
45037,Q5,7.0843564876538
45039,Q5,6.83589745714063
45041,Q5,7.10131924443993
45043,Q4,5.97328643662116
45045,Q4,7.34795573543843
45047,Q5,7.08125346704214
45051,Q3,6.01162750500913
45053,Q5,6.54152701308346
45055,Q4,6.87276772427803
45057,Q5,7.1988782952405
45059,Q5,7.25331351611503
45061,Q5,7.11071681624518
45063,Q3,7.0807625727617
45067,Q5,6.92159021779359
45069,Q5,7.1229534522847
45071,Q5,6.83768344720202
45073,Q3,6.71884999990841
45075,Q5,6.82366774367746
45077,Q3,6.89731687753273
45079,Q4,7.1260692776784
45083,Q4,7.50649509720679
45085,Q5,7.00833826193579
45087,Q5,7.08955293763467
45089,Q5,6.57065931028179
45091,Q3,7.62669943561365
46003,Q1,4.68686248791377
46005,Q1,4.87933634212088
46011,Q1,5.13584041204763
46013,Q1,4.65189685764397
46025,Q1,4.59789937892983
46027,Q2,5.56707588409046
46029,Q2,4.72368961872752
46039,Q1,4.96317265995399
46063,Q2,2.95467675077359
46067,Q1,5.03830861692569
46077,Q1,4.86784660739589
46083,Q1,5.85253632423821
46093,Q1,3.2148771293332
46099,Q2,5.72155308545194
46103,Q3,3.31406177395277
46111,Q1,4.90805007528829
46113,Q5,3.27249131162588
46135,Q1,5.21602491262706
46137,Q5,3.4162635383288
47001,Q4,7.01228013231917
47003,Q5,7.03764629007278
47005,Q4,6.42093380623721
47007,Q5,6.37447092802593
47009,Q2,7.31867808737526
47011,Q4,7.66054590950555
47013,Q5,6.4502616991412
47017,Q4,6.38918402494375
47019,Q5,6.23767371534335
47021,Q2,7.08829346052598
47023,Q4,6.46181690157792
47025,Q4,6.49551638697744
47027,Q4,6.59557567097688
47029,Q5,6.00387280172786
47031,Q4,6.65929908008831
47033,Q4,6.7200526056921
47035,Q3,6.2679109623414
47037,Q5,7.5698158063977
47041,Q4,6.65977951310053
47043,Q3,6.56017498386421
47045,Q5,6.79710452394262
47047,Q3,6.38408012490819
47051,Q3,6.56616541123947
47053,Q5,6.68919818649486
47055,Q4,7.0871419030482
47059,Q4,6.26012580589188
47061,Q5,6.35403868053007
47063,Q4,6.58643139382093
47065,Q4,7.60810890036733
47067,Q5,6.42912785916
47069,Q5,6.29473010012337
47071,Q5,6.20782063244973
47073,Q4,6.72252525925521
47077,Q4,6.34068069978009
47079,Q4,6.4346360170928
47081,Q3,6.34930092989621
47085,Q2,6.45488208200201
47089,Q4,6.75417996348128
47091,Q5,5.93860415466581
47093,Q3,7.53466658023561
47097,Q5,6.880102874731
47099,Q4,6.92396133246944
47103,Q3,7.00500447385891
47105,Q2,7.23259097054468
47107,Q4,6.79344307283468
47109,Q5,6.38357107686384
47113,Q5,6.89380105851729
47115,Q4,6.85281201587315
47117,Q4,7.02390030489987
47119,Q3,6.85385920556953
47123,Q4,6.57984937300132
47125,Q4,7.05297406223271
47131,Q3,6.74500233193816
47137,Q3,6.38528451476421
47139,Q4,6.70889406010604
47141,Q4,6.40428023244166
47143,Q5,6.68445663736775
47145,Q3,6.82330422409081
47147,Q2,7.37203156620463
47149,Q3,7.31568469115941
47155,Q3,6.55996282481973
47157,Q5,7.17933844867721
47163,Q4,6.8599066975331
47165,Q2,7.42630727654129
47167,Q4,6.7684985205393
47169,Q2,7.08929198459401
47173,Q5,7.00451046003495
47175,Q5,6.19460466950347
47177,Q5,6.38411425324711
47179,Q3,6.40061938696898
47183,Q4,6.61295341326906
47187,Q1,7.17912486191052
47189,Q1,7.35388884279834
48001,Q4,6.38045010405945
48003,Q3,3.9230689904501
48005,Q4,6.06968494253828
48007,Q3,4.27603979091599
48013,Q4,5.90843083027215
48015,Q1,6.86296255856075
48021,Q3,6.28385836656213
48025,Q5,5.29691224033159
48027,Q4,6.38261584194129
48029,Q5,6.90654179427218
48031,Q1,5.18489351868948
48035,Q2,6.134860475502
48037,Q4,6.61319242799211
48039,Q2,7.05063443049788
48041,Q5,6.71627173271544
48049,Q3,5.00304477738378
48053,Q2,5.340291380286
48055,Q5,6.16978231138293
48057,Q4,4.80598481811485
48059,Q3,4.6976978525655
48061,Q5,4.99595907289681
48067,Q5,6.36113974128177
48071,Q1,7.07919698139194
48073,Q5,6.25540707845323
48079,Q5,3.9551472115431
48085,Q1,8.38063446793061
48087,Q4,4.52304474486663
48091,Q1,6.06869417755979
48097,Q3,7.28269652170312
48099,Q4,5.78314214748683
48113,Q5,8.25381122053967
48121,Q1,8.23816584749058
48135,Q4,4.43132721247723
48139,Q2,7.89555296475707
48141,Q5,4.57560522045629
48143,Q3,5.34157956397994
48147,Q3,7.02435822928941
48149,Q1,6.11029657093434
48151,Q3,4.23082666142203
48157,Q2,8.31108885940922
48167,Q3,6.25481576731464
48177,Q5,5.72837374145366
48179,Q3,4.2376724720312
48181,Q3,7.37731478716355
48183,Q4,6.77980309529434
48185,Q3,6.7973794793238
48187,Q2,6.48237368928844
48189,Q5,4.63563062999637
48191,Q5,4.41478011180383
48193,Q1,5.17393939071488
48195,Q2,4.35587009117107
48199,Q2,6.28042903669031
48201,Q5,9.0815173741562
48203,Q4,6.20548946592741
48205,Q1,3.75726476382176
48209,Q2,6.1611008736421
48213,Q3,6.90110626536496
48215,Q5,6.10362253660268
48217,Q3,6.99987058396596
48219,Q4,4.44254309330395
48221,Q1,6.74015247994706
48223,Q4,6.84234642979472
48225,Q5,5.95343333322879
48227,Q4,4.40771594736117
48231,Q4,7.35775768689992
48233,Q3,4.34585408297829
48235,Q1,3.85873879995147
48239,Q2,5.69759464749895
48241,Q4,5.86043701587742
48245,Q5,6.34314462997798
48247,Q5,4.26204037185816
48249,Q5,5.20910802279834
48251,Q2,7.87336313260661
48257,Q2,7.52212993268106
48265,Q3,4.7059787732191
48267,Q2,3.99445933267586
48273,Q5,5.17056556225166
48277,Q4,6.60265191023438
48279,Q4,4.46782518644952
48281,Q3,5.36381611598465
48283,Q5,4.34215165864878
48287,Q2,6.20020756381496
48291,Q4,7.04140979549323
48293,Q3,6.45005420898957
48299,Q1,4.93002771635553
48303,Q4,5.31555727421393
48309,Q5,7.11476768849399
48311,Q1,4.68013376009594
48313,Q4,6.19514376813611
48315,Q5,6.19032031294029
48317,Q2,4.20701491383515
48321,Q5,5.64987333479911
48323,Q5,4.64423821026168
48325,Q4,5.71567819880772
48329,Q3,4.59693439311458
48331,Q4,6.56043637536737
48337,Q2,6.01721962757352
48339,Q2,7.73976907286466
48343,Q4,6.84834366583307
48347,Q5,6.02080379024425
48349,Q4,6.87104075516199
48355,Q5,4.8848074601973
48361,Q3,6.4545563012647
48363,Q3,5.85395338137782
48365,Q2,6.09541368113122
48367,Q1,7.17393689371072
48373,Q5,6.02795899948254
48375,Q5,4.6721577279263
48377,Q5,2.88756087735251
48381,Q2,4.65650300675643
48395,Q5,6.49903230035083
48397,Q1,8.11052894841514
48401,Q2,6.50878767074845
48407,Q3,6.40990944600918
48409,Q4,5.01712133037525
48415,Q4,4.19352220232935
48419,Q5,5.93680221739191
48423,Q4,7.07370572719789
48427,Q5,4.73102897016624
48429,Q4,4.69446508289732
48433,Q1,4.31286793417044
48437,Q3,4.33616919244157
48439,Q4,7.978676708837
48441,Q4,4.66126026158845
48449,Q4,6.93922896785308
48451,Q4,4.22103044436076
48453,Q4,6.45272179451262
48457,Q4,5.79036676033932
48459,Q3,6.92481537598523
48461,Q2,3.68644775776477
48463,Q5,4.43013095139428
48465,Q5,4.34825828952857
48467,Q3,7.08877757266793
48469,Q4,5.89819192481915
48471,Q5,6.20655387106343
48473,Q4,7.60937459029952
48477,Q3,6.77793551790485
48479,Q5,4.51335283628684
48481,Q4,6.51652845599671
48485,Q4,5.53053724588745
48491,Q1,6.37996539351354
48497,Q2,7.08847926403537
48499,Q2,6.86042267718921
48503,Q3,4.99413820850482
48507,Q5,4.41121390558457
49001,Q3,2.48122608182237
49003,Q1,3.83873750815798
49005,Q2,3.51100907888473
49007,Q3,2.90127161900181
49009,Q1,2.48489594679706
49011,Q1,4.25045868859513
49015,Q1,2.88481926129053
49017,Q1,2.4310855830596
49033,Q1,3.03140839971126
49035,Q2,4.244181995467
49045,Q1,3.82650514947429
49047,Q2,2.86903593134631
49049,Q2,3.54752112339982
49053,Q2,2.71806241610102
49057,Q2,4.18483818471261
50001,Q1,5.02691142128403
50003,Q2,5.13653655337863
50005,Q2,4.47467324089485
50007,Q2,5.2417924312369
50009,Q3,4.2748651981473
50011,Q2,5.60938624648198
50017,Q1,4.6255911058797
50019,Q2,4.88542021506004
50021,Q2,4.96456050806197
50023,Q1,4.8356520817312
50025,Q2,5.03553489830806
50027,Q1,4.77501315661544
51001,Q3,6.58999522796821
51003,Q1,6.70708454330313
51005,Q1,5.58750934670415
51007,Q2,6.74983125944175
51009,Q2,6.49162362091582
51013,Q1,8.89301008556085
51015,Q1,6.22594358695223
51021,Q2,5.78489574659549
51023,Q1,6.24266235202513
51027,Q5,6.26730470662237
51029,Q4,6.4274120697751
51031,Q2,6.68291864923253
51033,Q2,7.36410371629373
51035,Q3,6.01100877333192
51037,Q4,6.51908765777048
51041,Q1,7.71219265743166
51047,Q1,7.01008304325451
51053,Q3,7.29744214743335
51059,Q1,8.55174741622409
51061,Q1,7.31830861141778
51065,Q1,6.64565532343831
51067,Q2,6.40336386875535
51069,Q1,7.33012835443614
51073,Q1,7.41586891961763
51075,Q1,7.10883674430713
51077,Q2,5.84907931072208
51081,Q5,6.93444222858982
51083,Q5,6.76363968478735
51085,Q1,7.70852886968616
51087,Q3,7.80220869182601
51089,Q4,6.56208564751023
51093,Q1,7.24752661216571
51095,Q1,7.35182567266575
51099,Q1,7.48379578547985
51101,Q1,7.42251427852998
51105,Q5,6.30343109690971
51107,Q1,8.32378613452791
51111,Q4,6.47747522941768
51117,Q4,6.61030833984338
51119,Q2,6.97477090360763
51121,Q3,6.00672023221122
51133,Q1,6.86108327656158
51139,Q3,6.69050918749956
51141,Q3,6.26587557826294
51143,Q4,6.74290871747065
51149,Q2,7.54763250636726
51153,Q1,7.93060504529975
51155,Q4,5.89350483749994
51157,Q1,6.80599584695628
51161,Q1,6.46147842768857
51163,Q2,5.97813123662213
51165,Q1,6.56840477754163
51167,Q4,6.25318252001928
51169,Q3,6.93899073355879
51171,Q1,6.58815450277339
51173,Q4,5.8620195977391
51175,Q4,6.76799962080342
51177,Q1,7.59318057326793
51179,Q1,7.67814062992149
51185,Q4,5.9076191206775
51187,Q2,6.94151620258957
51191,Q3,6.22222815209297
51195,Q5,6.26259776879138
51197,Q3,5.76296620432754
51199,Q1,7.5317932979369
51510,Q1,8.89086318757164
51520,Q5,6.70406736422641
51530,Q5,6.05737873742286
51540,Q4,6.75454481192625
51550,Q2,7.03924178038062
51570,Q2,7.81528096587089
51590,Q5,6.97204562104305
51600,Q1,8.52483526323721
51650,Q4,7.87048784415823
51660,Q4,6.65527371010219
51670,Q5,7.77292988254345
51680,Q5,6.59477208906041
51685,Q2,8.05164972209083
51700,Q5,7.57044085322972
51710,Q5,7.73234813042965
51730,Q5,7.71848627145497
51735,Q1,7.64850387716307
51740,Q5,7.38981863128516
51750,Q3,5.90945619300959
51760,Q5,8.04202975456385
51770,Q5,6.5396954067082
51775,Q2,6.38453577274979
51790,Q3,6.12715899396736
51800,Q3,7.11036932746872
51810,Q2,6.98685996710238
51820,Q5,6.56675387853414
51830,Q2,7.35807172742649
51840,Q4,7.42656743747978
53001,Q5,3.86561183175192
53005,Q3,3.86983705878564
53007,Q2,2.71420363299928
53009,Q2,2.60483848210571
53011,Q3,4.5645350546605
53015,Q4,3.05988185190735
53017,Q3,2.92453145366262
53021,Q5,3.97486269668915
53025,Q5,3.48212497141476
53027,Q4,2.45516172568887
53029,Q1,5.05160509185002
53031,Q2,3.93062981350478
53033,Q2,4.77750703734772
53035,Q2,4.22752367691977
53037,Q3,2.46597465117543
53039,Q3,2.63223648299142
53041,Q3,2.74520470494239
53043,Q1,3.62832755126926
53045,Q3,2.99807542145071
53047,Q4,2.31452840153757
53049,Q3,2.3442688196048
53053,Q3,3.88442371762892
53057,Q2,3.74288454583079
53061,Q2,4.40381376420686
53063,Q3,5.00892326655073
53065,Q3,3.16321464769686
53067,Q2,3.42175342905084
53071,Q4,3.26849831008797
53073,Q2,4.2866854469051
53075,Q3,4.17702269315332
53077,Q5,2.93964276448349
54001,Q4,6.10846244296041
54003,Q2,7.74239726665755
54005,Q4,6.46535146033615
54007,Q4,6.11078983354173
54009,Q2,7.77718790714298
54011,Q4,7.60650673091853
54013,Q3,6.5636092346884
54015,Q5,6.29217546236213
54019,Q4,6.22120914464838
54025,Q4,5.71387709313554
54029,Q3,7.72311262477713
54031,Q3,6.18662468196555
54033,Q4,7.03075311715805
54035,Q4,7.88236001386465
54037,Q1,8.05363535138796
54039,Q3,7.04199935347054
54043,Q5,7.01226753604231
54045,Q5,6.28348949681581
54047,Q5,5.88247241584711
54049,Q3,6.96888090051855
54051,Q4,7.22268599514133
54053,Q4,7.71582125707657
54055,Q4,5.8624907361333
54057,Q3,6.44902636580223
54059,Q5,6.36149837885922
54061,Q2,6.87941648845177
54063,Q2,5.94313128555325
54067,Q4,5.90393189291757
54069,Q4,7.45212798223928
54071,Q2,5.47868428427818
54077,Q2,6.47347823764539
54079,Q2,7.45991894539589
54081,Q4,6.11641668937531
54083,Q3,5.66415325323607
54091,Q3,6.68793522596721
54095,Q3,7.01263422005578
54097,Q3,6.07496417475797
54099,Q4,7.59712485618912
54107,Q4,7.79421992256437
54109,Q3,5.87738221687
55001,Q2,4.93465964160583
55003,Q4,3.64581440478736
55005,Q2,4.59845685580355
55009,Q2,5.79826222259561
55011,Q1,5.55155931829815
55013,Q3,4.49689524815414
55015,Q1,5.86915804581745
55017,Q2,4.93003248054372
55019,Q1,4.57851671288924
55021,Q1,5.76031204178118
55025,Q1,6.31684181352131
55027,Q1,6.09063660514503
55029,Q1,4.55596916497345
55031,Q3,4.73893219029035
55033,Q2,5.18731796703401
55035,Q2,5.11045032901405
55037,Q1,3.67000899899148
55039,Q1,5.80216838804846
55043,Q1,5.86736733491803
55045,Q1,6.23743711074817
55047,Q1,5.42734936007802
55049,Q1,5.63037136425218
55055,Q1,6.32706042451638
55057,Q1,5.03075430142858
55059,Q3,6.67961368388284
55063,Q2,5.70245070616481
55069,Q1,4.05177591739067
55071,Q1,5.36473020991322
55073,Q1,4.54094727322815
55075,Q2,4.31550827320265
55078,Q5,4.45305167658424
55079,Q5,7.83475556672047
55081,Q2,5.07071324702651
55083,Q1,4.69542760528844
55085,Q1,3.73514970555706
55087,Q1,5.89661138321991
55089,Q1,7.10989448697612
55093,Q1,6.23637105653461
55095,Q1,5.14634482230933
55097,Q1,4.98604093799468
55099,Q1,3.75842318274593
55101,Q3,6.67291742704271
55103,Q1,5.28338908121033
55105,Q3,6.40457485943755
55107,Q2,4.14813799838164
55109,Q1,6.11217356067085
55111,Q1,5.523591053048
55115,Q2,4.79383185440568
55117,Q1,5.81957027895072
55119,Q1,4.22397697374203
55121,Q2,5.33560364706328
55123,Q1,5.33983310895617
55127,Q2,6.5791968250181
55131,Q1,6.41494653857082
55133,Q1,6.9373132202868
55135,Q1,5.12636324487536
55137,Q1,5.0531450722505
55139,Q1,5.8092133433683
55141,Q1,4.76792746407879
56001,Q2,2.51537820242984
56003,Q1,2.94703071735207
56005,Q1,4.0693477546876
56007,Q1,2.43645518336102
56013,Q3,2.65682359623741
56015,Q1,3.25163196451796
56021,Q2,3.11989459617748
56023,Q1,3.00893228881415
56025,Q1,2.8612654498326
56027,Q1,2.95536423337895
56029,Q1,2.57152502870769
56033,Q1,2.64238044256807
56037,Q1,3.23099623481653
