FIPS,SES,pm25,cmr
1001,Q2,6.94277825833759,316.911479178019
1003,Q2,5.83770358880245,276.377191061562
1005,Q5,6.33994082626066,387.051896291562
1009,Q2,7.89720046281604,279.421127781161
1011,Q5,7.17126594601172,362.096029583216
1013,Q5,6.01373121018502,394.257094211398
1015,Q5,7.40610977690243,354.016025016339
1017,Q5,6.8658986761613,366.882018883783
1021,Q4,6.72057745561301,308.845625316593
1023,Q5,5.83413017555467,355.032352647223
1025,Q5,5.83357039481346,348.926054433876
1027,Q5,6.59932249132937,328.424632481296
1031,Q4,6.39654827166127,327.86345119982
1033,Q4,7.09804773218403,343.096927919604
1039,Q4,6.23926478454699,286.868888045559
1043,Q4,7.83511806940957,377.137945461994
1045,Q4,6.48650048095072,315.211723457244
1047,Q5,6.25454165024869,396.615408827936
1049,Q4,7.57602461092588,392.552381524464
1051,Q3,6.8724086801376,357.234136678713
1053,Q5,6.33914965848737,332.223570931826
1055,Q4,7.5601635745378,374.713233002952
1059,Q4,6.55221974412353,412.189555186221
1061,Q4,6.81392912910177,308.479779395209
1065,Q5,6.24979168334556,398.154447377886
1067,Q4,6.44203938639604,321.134246370846
1069,Q4,6.75790809875587,302.039699977616
1071,Q4,7.11755019465772,366.002737390166
1073,Q5,8.74485307875156,273.83755432488
1075,Q4,6.44068447177328,363.606074638035
1077,Q4,7.41768289277623,266.807239966515
1079,Q3,7.29381905646232,310.911891734543
1081,Q4,6.61911687931426,248.92610227971
1083,Q3,7.88369230496285,272.009366588636
1087,Q5,6.78517924021507,351.415073387594
1089,Q3,7.65848018316075,241.669980519652
1091,Q5,6.06872591168583,431.884982970464
1093,Q4,6.33257460460473,331.792835474492
1095,Q4,7.57830419687227,312.514480901409
1097,Q5,6.4521158784447,306.140275732472
1099,Q5,5.9122093855359,356.215026493724
1101,Q5,6.8560110430348,272.765569398612
1103,Q4,7.87040276429898,366.616424903449
1105,Q5,6.19698772580741,337.034369827253
1109,Q5,6.28794406790094,303.745496833448
1111,Q4,6.74593308578078,372.682652866213
1113,Q5,6.64141033979652,291.291548797513
1115,Q2,7.78392185675734,315.017885614751
1117,Q1,8.09083196879007,221.561046912469
1121,Q5,7.17245170051374,320.782691345711
1123,Q4,6.4656126637243,287.337421677152
1125,Q4,6.78253230094122,286.283148949961
1127,Q4,7.41252711589539,321.958117216322
1129,Q4,5.87565624888311,361.18258649133
1131,Q5,5.98668490599842,404.056807782608
1133,Q4,6.73188925891755,347.065049910939
4001,Q5,2.64411441221791,177.353303750528
4003,Q4,2.71976096593235,246.033922645158
4005,Q4,2.68949361149383,163.494139091445
4007,Q3,2.86676434341267,253.816720609147
4011,Q3,2.97964599857908,205.944926582477
4012,Q3,2.84578967067678,177.253481376671
4013,Q3,4.62845914663208,185.150422549955
4015,Q3,2.82881101135363,275.196941192832
4017,Q5,2.6758897556882,206.560668619965
4019,Q4,3.64564123045363,191.507059037779
4021,Q3,3.57486791972137,179.289783210121
4023,Q5,2.75964097745615,151.771253940352
4025,Q2,2.98179678339999,175.415857509717
5001,Q4,6.64952793217345,368.336150562627
5003,Q4,6.03328284849473,301.441437865003
5005,Q3,5.59864131964222,249.716883456723
5007,Q2,6.2311095860685,230.754860803724
5009,Q3,5.60026626443396,291.490939249196
5015,Q4,5.8180983392707,268.517000638382
5017,Q5,6.40109101818168,326.326839746347
5019,Q4,5.88036335452276,346.717353814476
5021,Q4,7.00357873285701,358.953187317407
5023,Q3,6.0638540004657,299.689226769786
5027,Q5,5.92179823582563,350.410161362097
5029,Q3,6.42395973654679,278.302351089223
5031,Q5,7.14493929334909,300.882535789021
5033,Q4,6.06924301408524,343.158210680104
5035,Q5,7.29403891677463,350.691410403072
5039,Q5,5.99157885870444,277.827644260062
5045,Q3,6.8012872108224,260.352118305732
5047,Q4,5.7838011354009,315.204868244003
5049,Q3,5.72529211275797,282.40165103472
5051,Q4,5.96639069636685,271.163001310433
5055,Q4,7.03793423386818,347.157142634458
5057,Q5,5.98774943146897,409.069014172794
5059,Q3,6.14480407072166,311.595636325782
5061,Q5,5.89728787887953,365.698796267281
5063,Q4,6.29750359866569,322.356137705888
5069,Q5,6.69254409174674,351.101607630729
5071,Q4,5.74126619103863,268.159545388706
5075,Q5,6.62827178449807,314.582949171516
5079,Q5,6.32302570982847,315.026173608631
5081,Q4,6.41477011696871,303.270424707422
5083,Q3,5.80362615315221,330.962201437687
5085,Q3,7.01198409059228,267.400062325477
5089,Q3,5.52381256257596,222.666339096741
5091,Q5,6.46984607856584,318.585979729097
5093,Q5,7.08249618702201,393.441535382709
5099,Q5,5.88217181359665,355.172390534829
5103,Q5,5.87973316184984,322.911479853912
5107,Q5,6.94514250169919,360.510857002842
5111,Q5,7.09940446376792,357.67863193815
5115,Q4,6.11714947313623,256.126378199329
5117,Q3,6.78137546459964,332.378763048526
5119,Q5,6.90720881445443,260.03171906534
5123,Q5,7.05710119418647,350.07562245755
5125,Q2,6.66083780236106,207.48038382707
5127,Q5,5.57065585144562,331.692199660446
5131,Q4,6.28867605288544,275.988971164778
5139,Q5,6.11629880743466,333.742788264674
5143,Q4,6.09365263484575,248.137273153313
5145,Q3,6.56046022587067,306.023118945993
5147,Q5,6.81236176416323,313.813626820723
6001,Q3,5.08846575806355,189.453596575998
6003,Q1,2.69048481442156,236.240692149483
6005,Q1,3.91834791801083,226.029328047572
6007,Q4,3.86965088664881,213.254725014206
6009,Q1,3.67616648744982,208.509829644163
6013,Q2,4.93964627879781,192.516120288216
6015,Q5,2.62277304434589,252.848350520818
6017,Q1,3.72862839945085,178.522528523044
6019,Q5,4.16545027842802,247.623796463255
6021,Q4,3.79125811201272,211.671720137886
6023,Q4,2.60107255576869,219.636126637662
6025,Q5,4.20481638464091,216.927266926729
6029,Q5,3.8406458002544,287.61305962195
6031,Q5,4.18615021401358,254.544384244189
6033,Q4,3.02190668180155,249.02575874175
6035,Q3,2.81761396851951,238.273721711018
6037,Q5,5.48893104685529,224.200704659488
6039,Q5,3.83297245185378,252.993891623052
6041,Q1,4.03078182197043,134.241531852295
6045,Q4,2.73898897532727,222.198675998286
6047,Q5,4.16839779202279,248.998264344186
6049,Q4,2.4442505975823,224.090952596374
6053,Q4,3.70860218248584,179.192969396904
6055,Q2,3.93908007605822,199.154741377901
6057,Q1,3.70682236011725,177.74892950885
6059,Q2,5.34185565540498,194.741478269682
6061,Q1,4.52111153786573,198.08571125895
6063,Q2,2.83958304026526,296.472665250598
6065,Q4,4.60913716658313,235.933379580285
6067,Q4,5.17688106469454,227.727270960279
6069,Q3,4.05186403357439,169.460103732352
6071,Q4,5.0030467203735,278.222030157843
6073,Q3,5.02964930472629,194.948461175242
6075,Q2,4.75271942803337,176.381960749681
6077,Q5,4.81468883200787,253.887494929485
6079,Q2,3.4787957076469,211.114494604333
6081,Q1,4.73254564244476,173.446994934254
6083,Q3,3.40802396430664,193.956723958418
6085,Q2,4.51981575813682,166.459776212282
6087,Q3,4.26378821250599,202.019952705622
6089,Q4,3.31071799856796,257.10229082136
6093,Q4,2.48670291742619,244.779052332649
6095,Q3,4.53324531408295,201.600373186642
6097,Q2,3.51027153841859,206.432660371423
6099,Q5,4.69452737041901,279.640315944693
6101,Q4,4.68154810236442,261.500861695944
6103,Q5,3.54290427561274,226.987847649702
6107,Q5,3.88870561511044,281.520465064323
6109,Q2,3.29139265743509,195.351714659715
6111,Q2,3.8128035028156,194.238835916887
6113,Q3,4.71170423194121,199.07262866349
6115,Q5,4.51049436209353,293.4619951961
8005,Q3,4.24298270982448,154.308281355417
8013,Q2,3.17415833982272,175.272611568708
8023,Q5,2.46376869258069,229.825261688674
8029,Q2,2.50388332015415,194.658273303415
8031,Q4,4.1148080145585,199.676218076921
8035,Q1,3.69964456477787,151.380134005757
8039,Q1,3.36331929662688,144.063694193873
8041,Q3,3.90359952677108,185.883146576409
8043,Q2,2.50769394011774,250.320335246875
8045,Q1,2.43102386528239,159.940388831962
8047,Q1,2.65866247955898,144.393215489214
8051,Q1,2.19369075928208,165.540398136011
8063,Q1,3.35455234978686,190.234790208991
8067,Q1,2.40771505277201,158.502467463763
8069,Q2,3.08967907392637,187.925449222734
8071,Q4,2.62880834694076,241.748948715214
8077,Q2,3.02774380025773,213.681677336871
8081,Q2,2.47937227323244,137.991201257783
8083,Q4,2.61765518895842,204.489836582959
8085,Q2,2.47370984489479,197.166928571352
8087,Q4,3.49982244107492,219.777632703964
8089,Q5,2.97586251446193,230.215046146418
8095,Q1,3.49392078520799,186.687222572032
8099,Q5,3.07354836260953,278.795837018535
8101,Q4,3.23031337182265,210.010173058253
8107,Q1,2.55689632686774,139.415665529366
8109,Q5,2.22313116018582,181.388823772978
9001,Q2,6.73468506470033,182.630730656528
9003,Q3,6.00338336250012,206.088394280228
9005,Q1,5.84153460248046,223.332947952986
9007,Q1,6.05386463216031,191.342984145684
9009,Q3,6.16220457957369,187.521943197078
9011,Q1,6.01872116864302,199.294404362524
9013,Q1,6.11283742162255,229.014952505876
9015,Q3,6.03208432354126,229.073561207055
10001,Q3,7.37296464353583,266.096837950591
10003,Q2,8.11266500567657,217.708077268946
10005,Q2,6.96209357300105,233.441383233007
11001,Q5,8.94598186533326,268.115681330919
12001,Q4,7.23127722209532,211.907351244542
12005,Q3,5.92639496824125,240.691112802764
12007,Q4,7.14910163286167,235.595136103698
12009,Q2,5.21856177043378,209.537657669253
12011,Q4,5.20231248704373,217.238039836735
12015,Q2,5.58492021016264,186.78634599913
12017,Q2,6.74415372559379,276.473314778254
12019,Q2,7.06869758538873,244.067967031109
12021,Q2,5.24599995784606,148.941389419025
12023,Q4,7.14098803297692,280.082974042564
12027,Q5,6.37711299395095,237.846168347598
12029,Q2,6.66150671850745,167.417034597324
12031,Q4,6.65236178287716,253.474487986346
12033,Q5,6.55667322962237,271.544261530715
12039,Q5,7.00104438828779,269.740759531843
12045,Q4,5.66277961204788,237.204005504577
12049,Q5,6.56728540326731,187.137919624872
12051,Q5,6.29720764236312,261.107570911388
12053,Q3,6.45716690678753,209.952241936404
12055,Q3,6.4039516423519,188.865231646444
12057,Q4,6.85246430275805,223.517162810545
12059,Q4,7.00181548337179,407.316878914483
12061,Q3,5.06258052967205,177.248410780503
12063,Q4,7.05942475226854,297.524496376306
12065,Q4,6.91400548039731,218.073170485839
12067,Q3,7.04606031067918,219.869692911204
12069,Q2,6.86220826098688,205.37395762481
12071,Q2,5.47226721457808,177.661798407756
12073,Q4,6.94720891059483,212.1247122463
12075,Q4,6.80613025595013,286.074398124068
12079,Q5,7.10046442505428,303.752351761862
12081,Q3,5.5917150790737,205.784975271303
12083,Q3,7.40802498403949,222.162282280534
12085,Q1,5.05341980109729,144.648694063912
12086,Q5,4.90095094194455,213.005253676509
12087,Q1,3.63033754493798,188.423399244047
12089,Q2,6.14819262313805,215.412066976991
12091,Q2,6.08706433643343,218.92012436891
12093,Q4,6.13790704786786,268.282224909103
12095,Q4,6.57786512298432,211.747066394107
12097,Q4,6.50965356932124,252.146155009318
12099,Q3,5.23976542931731,179.220964218493
12101,Q3,6.32733080985237,214.800577998272
12103,Q3,5.975297640855,192.375739983825
12105,Q4,6.74994505549851,236.883429775801
12107,Q5,7.13410393024327,273.593906368735
12109,Q1,6.02526111017404,162.306924893554
12111,Q3,5.05340625594239,206.027604830551
12113,Q2,7.59791697346324,232.734481323421
12115,Q2,5.4048567356502,171.477861131517
12117,Q2,6.55261829649811,192.609761914405
12119,Q1,7.29254831079098,192.471912769487
12121,Q4,7.17919743177294,237.259351634279
12125,Q4,7.17957619491612,363.104981620343
12127,Q3,5.77878970483271,219.265899222772
12131,Q3,6.38354603114068,239.321450022864
13005,Q4,6.52715014575982,393.529618822696
13007,Q5,6.79261657024201,282.36192411452
13009,Q5,7.72506634973556,320.262077692943
13013,Q3,9.25223365089665,285.232914772591
13015,Q3,8.73366606886457,261.284678174221
13017,Q5,6.74697158127631,267.873999445597
13021,Q5,7.82087748607704,367.969914258859
13025,Q5,6.22452760611384,290.925346482919
13031,Q5,6.76467725758114,249.053745403121
13033,Q5,6.80705913193244,353.898129032397
13035,Q3,8.65685409553676,282.48571324404
13045,Q4,8.1461133263966,306.777920231926
13047,Q3,8.13396192713537,212.290546871628
13051,Q4,6.44412814785894,269.883801708988
13055,Q5,7.78960813094962,290.491250655772
13057,Q1,8.83649736379737,258.827665777596
13059,Q5,8.59205041250321,201.227463250471
13063,Q5,9.11789026538256,304.111795859406
13067,Q3,9.02856936835446,204.770271489911
13069,Q5,6.68452916373602,226.741544329759
13071,Q5,7.01826045705582,278.037681245946
13073,Q1,7.31036872680917,204.023480566773
13075,Q5,6.98310278736153,363.14955563475
13077,Q2,8.369321467178,255.645841503535
13087,Q5,6.87404439192653,316.41875962437
13089,Q5,9.16857199353465,212.343480680118
13095,Q5,6.9729397877876,256.710184626288
13097,Q4,8.70752252100942,268.875434071075
13103,Q2,6.87569847016378,289.040674779379
13107,Q5,6.625903593866,326.139363848057
13109,Q5,6.71453383937964,312.143631887204
13113,Q1,8.69063836988762,197.77022405881
13115,Q4,8.1401898901754,284.10201725743
13117,Q1,8.94821257940724,205.029701068791
13119,Q4,7.96394129235737,299.345802245667
13121,Q4,8.97884863728127,244.507530168642
13123,Q3,7.07682090521092,244.851549939025
13125,Q4,7.09908779022408,276.307896488325
13127,Q4,5.80193347481203,238.724365369512
13129,Q4,8.53441335950226,326.592052489523
13131,Q5,6.92833464650298,273.540853244382
13135,Q3,9.23974832251839,185.509585053861
13137,Q4,7.09172503362524,246.412672341009
13139,Q3,8.77871530533424,230.877558228774
13143,Q5,7.92630982407203,387.47998605316
13147,Q5,8.07917076167175,292.5189759299
13149,Q5,7.53971769225496,211.796579817495
13151,Q3,9.12112430023721,219.55417116693
13153,Q4,7.58234430234307,243.556722840348
13157,Q3,9.091821686414,277.089503579276
13165,Q5,6.56358900131858,273.203379240186
13167,Q5,6.80122804530078,260.003526353024
13171,Q5,7.90299023979921,296.284201644017
13173,Q5,6.69443596979926,358.286906699262
13175,Q5,6.9578958742006,291.848027975562
13177,Q2,6.97162742336503,208.62262946234
13179,Q5,6.46380508545952,180.817515479429
13185,Q5,7.12475134102262,359.990639571208
13187,Q3,7.29170614697321,238.787011431651
13191,Q4,5.67236834710687,231.962196000246
13193,Q5,7.15696177610064,260.435568585583
13199,Q5,7.53085995699144,323.945000851985
13205,Q5,6.86930678026211,318.737168188831
13211,Q4,8.31204662103237,266.16136625832
13213,Q4,7.95825835960329,245.542087638216
13215,Q5,6.76350251091883,308.266615739194
13217,Q4,9.27420206968206,276.195664710236
13219,Q1,8.67058978489866,259.508727423392
13221,Q3,7.98578839815166,223.678470314877
13223,Q2,8.71459638343962,174.523511618122
13225,Q5,7.46246207292267,317.397372170887
13227,Q2,7.6918810633922,298.508994718599
13229,Q4,6.33808979630435,363.136883589226
13233,Q5,8.03059945573403,360.100494523391
13235,Q4,7.00451485911657,346.321631682167
13237,Q3,7.79628982840419,240.780008313323
13245,Q5,7.28725839756521,266.268604901626
13247,Q4,9.30450201895389,196.208145485761
13253,Q5,6.85996115630692,364.316952873602
13255,Q5,8.72986501398054,322.576643439475
13257,Q4,7.05908336756321,343.682451878779
13261,Q5,6.93099784719114,315.582138891404
13269,Q5,6.96074239278169,327.888567363027
13271,Q5,6.62143988953829,338.574984822646
13275,Q5,7.01778274985063,291.257984653047
13277,Q5,7.0821738181263,254.687084473902
13279,Q5,6.589086332105,303.506134435912
13283,Q5,6.74762534563502,364.168128851765
13285,Q5,7.28051363560266,287.163999562785
13293,Q5,7.46582257320202,355.418604653845
13295,Q4,7.94819680215703,332.127251288379
13297,Q3,9.20761433402254,277.159013397738
13299,Q5,6.26530666332759,317.103751507644
13301,Q5,7.13722716001601,414.221200034156
13305,Q4,6.37365323433317,311.203622950121
13307,Q5,6.68233081435822,276.12516614344
13311,Q4,7.10518496277836,242.283441012281
13313,Q5,8.35543280220942,258.350850677507
13315,Q5,6.79013057186594,294.207800115218
13321,Q5,7.00798807598098,237.979890958592
16001,Q2,5.79289029565181,172.962558915671
16003,Q1,2.85037100195973,221.982235361843
16005,Q3,4.37151196523682,262.383649862273
16011,Q3,4.43457739687015,240.634758189538
16017,Q2,3.73426989352786,223.239965655702
16019,Q2,4.67652267910039,242.444003950535
16023,Q2,3.03232657672455,238.435828820631
16027,Q4,5.85911331337928,199.688696100515
16039,Q3,3.36306958241264,266.145458608195
16055,Q2,4.33356341278112,215.125967334269
16057,Q3,3.99942559524972,187.458581678232
16059,Q3,2.70572959171517,184.596124095315
16061,Q2,3.30028900124183,208.997359514869
16065,Q5,4.55044357297893,207.928666388436
16069,Q2,3.44214972129342,266.420731807613
16071,Q2,3.89124509994219,242.866807035943
16073,Q5,3.92644964051802,280.294390799769
16075,Q3,4.60482528750781,237.918404210086
16077,Q2,3.90977944594218,242.992980665736
16079,Q3,3.14729554924989,229.315620172257
16083,Q3,4.34004587769971,209.22485738466
17001,Q2,6.46131391367524,205.373467500462
17003,Q5,7.32949101430402,292.947596122132
17007,Q2,6.7837709148061,184.056710717273
17009,Q2,6.37243397114564,276.563869652854
17011,Q2,6.75064063166158,238.915521093604
17019,Q3,7.0154201115963,176.51061422155
17021,Q3,6.78534255456996,289.393849420766
17027,Q1,7.18622058735282,185.059752153765
17029,Q3,6.93702228731605,284.22817978458
17031,Q4,8.48279540936452,241.424753501429
17035,Q2,6.94988976659787,218.054944059323
17037,Q2,6.95519638265373,232.793238556239
17043,Q1,7.71903721716936,184.389760909171
17045,Q3,7.12378080473525,320.606078983542
17047,Q2,7.1064831070484,267.087386462388
17049,Q2,6.84211936082696,228.598249617198
17051,Q3,6.69865343938315,196.579318666268
17055,Q4,6.937949035716,216.292531109572
17057,Q3,6.52441464432182,248.253290471858
17061,Q3,6.78612268603977,269.660523643665
17063,Q1,7.11258596281154,255.94142954268
17065,Q2,6.90884944528929,275.282545513609
17067,Q2,6.38065388635003,213.693423074834
17069,Q4,6.85319824051834,278.447347148907
17073,Q1,6.72971716080079,265.843030004706
17075,Q2,7.01218213740278,302.299308324987
17077,Q5,6.94748930918166,239.184864399651
17081,Q4,6.85311064838686,218.603002435591
17083,Q1,7.1832948693928,264.60212633726
17085,Q1,6.17617179424544,190.709821659308
17087,Q2,6.94061710792582,215.742333611347
17089,Q2,7.26716374503054,198.548927228749
17091,Q4,7.26654689766979,237.090357462845
17093,Q1,7.25137487475773,207.069341942595
17095,Q3,6.54628938351165,269.473344367699
17097,Q1,7.07803011729026,187.364264130123
17099,Q2,6.85989453498269,276.849072598864
17101,Q4,7.29668137839397,227.634019988702
17103,Q2,6.7477007068974,227.676526595337
17105,Q2,6.8430455096139,330.31884871142
17107,Q2,6.84712837730689,215.767855518371
17109,Q4,6.27306624889914,268.138218339989
17111,Q1,7.01409849127903,209.361867950028
17113,Q2,6.77465205183118,203.708381206506
17115,Q4,7.00267123294255,273.822278223274
17117,Q2,6.94359659778271,258.009875437444
17119,Q3,7.80463040679408,265.354711795948
17121,Q4,6.77953987474778,281.858827654047
17123,Q1,6.85234781426417,288.103847233155
17125,Q4,6.63741361358482,241.235071655967
17131,Q1,6.48574162443141,225.519144034577
17133,Q1,7.57555919333973,174.220933923789
17135,Q3,6.71106998004038,222.845977036019
17137,Q3,6.69765850679817,215.541559554745
17139,Q1,6.91818199803921,246.412982308221
17141,Q2,6.7347411220747,235.020912874574
17143,Q4,6.9125935530136,221.374666181996
17145,Q3,6.90669148649643,265.779449523508
17147,Q1,7.02210108925278,239.825112102488
17149,Q2,6.5401724743531,202.829437488049
17157,Q2,7.08534404551492,202.607079113488
17161,Q3,6.69338128336637,246.367266928421
17163,Q5,7.81413959537281,251.393021434317
17165,Q4,6.84508636272383,348.856887028567
17167,Q3,6.81165636886782,232.855195249356
17173,Q1,6.7744617714804,253.709131680193
17177,Q4,6.42985892564079,206.363509394951
17179,Q1,7.10695708853242,234.623246787682
17183,Q5,7.11797604145591,294.786652188995
17187,Q3,6.41124055313815,250.204936278059
17193,Q3,7.0627282456765,324.639034148882
17195,Q2,6.73955700256025,249.58371151206
17197,Q1,7.65871775235269,226.208150738235
17199,Q4,6.87747875413646,235.90948459493
17201,Q4,6.62377883127751,245.810885080896
17203,Q1,6.92923547985158,220.899310713228
18001,Q3,7.79317383743354,216.84330945433
18003,Q3,7.97631324870456,210.411999713475
18005,Q2,7.94786542189802,264.112899713647
18007,Q1,7.24410439232853,310.878090848727
18009,Q3,7.68802673434058,253.705123030473
18011,Q1,7.97489427010046,287.682493249523
18015,Q1,7.72983457616607,302.692680083819
18017,Q3,7.70314410846901,241.136224938934
18019,Q3,8.88114639575936,284.213584406083
18021,Q2,7.28221601205951,324.302419092422
18023,Q2,7.92147679609954,279.280577131627
18025,Q4,7.38380035106134,251.765447608459
18027,Q2,7.53406189068878,265.911863944343
18029,Q1,7.96800060750122,282.477928474435
18031,Q2,8.00232549450561,216.300502571576
18033,Q2,7.76169368816689,266.482048606873
18035,Q4,7.82393941455025,255.495969215692
18037,Q1,7.84367688985453,217.747018751006
18039,Q3,8.14685092951414,243.256652461923
18041,Q4,7.70223827602967,311.039719482044
18043,Q3,8.80973335379029,242.603968348303
18045,Q2,7.35736422811335,256.388213485055
18051,Q2,7.61834249751664,189.606899323046
18053,Q4,7.8002211002119,239.067567337042
18055,Q2,7.38308312114515,282.705999874311
18057,Q1,8.39450765624299,185.465454554604
18059,Q1,8.36888905429269,267.31273142224
18061,Q2,7.9349511049677,232.795203940222
18063,Q1,8.02060409539793,240.276102359655
18065,Q3,7.99100595950136,265.915121262158
18067,Q4,8.04635236003259,235.800726718209
18069,Q2,7.69993705686873,275.696579099135
18071,Q2,7.71864418994892,283.587914071211
18073,Q2,7.18275522403741,294.165732996066
18075,Q2,7.74975366948223,230.566826509713
18077,Q3,7.80378631267121,377.746454509312
18079,Q3,7.78296976175545,228.664814582882
18081,Q1,8.47041022902231,254.139407553804
18083,Q4,7.47011620400354,332.975483206753
18085,Q2,7.81413469414584,276.005796819097
18087,Q2,7.70776224301494,239.790280740921
18089,Q4,8.25351252365993,281.709266821123
18091,Q3,7.51050178989273,277.680900040873
18093,Q3,7.23230105659903,291.620144120898
18095,Q4,8.05141165790268,269.958462020557
18097,Q5,8.55655770019168,263.036315612404
18099,Q2,7.63455398974772,240.162839752764
18103,Q4,7.87117298528224,289.259231627191
18105,Q3,7.28322544574919,176.781234420499
18107,Q2,7.54018308010121,267.162040676318
18109,Q2,7.82884060690943,288.734882787515
18113,Q2,7.72872140433394,215.65872861046
18117,Q4,7.31793598817103,294.526598607829
18119,Q2,7.27158655371573,232.952809384893
18121,Q2,7.2114655519842,348.709797493995
18127,Q2,7.79706029139386,204.54967404978
18129,Q1,7.59467320379924,215.88536915405
18131,Q3,7.2750790381285,309.933071437909
18133,Q2,7.24015968327665,224.697642795929
18135,Q3,7.82160774018527,226.955482849369
18137,Q2,7.79241326052577,251.453393568605
18141,Q4,7.76867714460113,247.611863310878
18143,Q4,7.85991281542492,265.471275908834
18145,Q2,8.38316092838238,260.828516821085
18147,Q1,7.98832333715893,236.635818607801
18149,Q4,7.34466863469746,352.261297472255
18151,Q2,7.34496435779739,223.597099116613
18155,Q3,7.73936393522887,331.066112828874
18157,Q3,7.8561273606913,239.765205586747
18161,Q2,7.8043027500777,179.652874926609
18163,Q4,7.77979887755409,224.790241111321
18167,Q4,7.50726700998366,272.722166632007
18169,Q2,7.62970869377321,237.146631753612
18173,Q1,7.74624518178757,219.902524190972
18175,Q3,7.71655891509542,302.027771722996
18177,Q4,7.88219396378517,233.396385636292
18179,Q1,7.85791270040088,243.997861065909
18181,Q2,7.47044996193797,164.270543793256
18183,Q1,7.65307658555891,232.390192513415
19001,Q1,5.51188471678714,270.588084561958
19005,Q1,5.67009868757958,206.184954980566
19007,Q3,5.78632940228462,271.57718810833
19009,Q1,5.49864122722653,218.042399629821
19011,Q1,6.14730573279602,239.795261386754
19013,Q3,6.19849095099559,208.586173591419
19015,Q1,6.12222983178726,286.7537966869
19017,Q1,6.07525528919523,244.591109304038
19019,Q1,6.02124928705495,250.181922055132
19027,Q1,5.55635300819412,248.13782851365
19033,Q2,5.89964296642811,217.773565259903
19045,Q2,6.7409797538073,295.685333747537
19047,Q1,5.51654943881287,185.26704126314
19049,Q1,6.12927303125765,187.723277262235
19053,Q3,5.66719123686228,231.630237596096
19055,Q1,5.9943120308007,184.800288300555
19057,Q3,6.31698494502826,251.458669006084
19061,Q1,6.19710724704588,205.745904273905
19065,Q1,5.92662298437859,250.673980513601
19071,Q1,5.98646132925161,200.637516885836
19075,Q1,6.08004849339969,230.250978616335
19079,Q1,5.89022582852845,208.03185536718
19083,Q1,5.9235223765847,274.985038659907
19087,Q3,6.24541554206447,297.014451371208
19089,Q1,5.72163922787156,222.776043765841
19091,Q1,5.68197239229867,246.823840945277
19095,Q1,6.13506255679869,236.546394131188
19099,Q2,6.12590054390992,228.975864833213
19103,Q2,6.57741807187366,206.284636006667
19105,Q1,6.2362840903324,226.596052220579
19109,Q1,5.61140972253283,260.448063491451
19111,Q3,6.32332837303199,308.364636845358
19113,Q1,6.52060000673675,195.278896807898
19117,Q3,5.7527645580607,225.896727648871
19119,Q1,5.58150952164065,217.957018852066
19123,Q2,6.06999545461351,186.033561900101
19125,Q1,5.97930359679324,215.306876847546
19127,Q2,6.08817254101439,212.940277727555
19131,Q1,5.81180822983615,231.166393088561
19133,Q1,5.69054887032903,277.863837633814
19137,Q2,5.64729437723232,252.11028786438
19139,Q3,6.50232684512566,267.979035533389
19143,Q1,5.37716393125,224.384990312418
19149,Q1,5.70513563004856,150.063058445364
19151,Q1,5.52509234316656,250.085340934483
19153,Q2,6.39248398888761,216.745846589202
19155,Q3,6.40467529910751,222.035041885205
19159,Q1,5.60984725758256,240.041145581591
19161,Q1,5.54573955683189,204.335714431838
19163,Q3,6.74949176553615,233.569802677087
19167,Q1,5.64815729696677,232.023729971695
19169,Q1,6.21965125993967,206.253047813594
19177,Q2,5.98853784727247,264.134284447802
19179,Q3,6.26094525519524,295.843067762842
19181,Q1,6.11208222856134,179.650617717318
19183,Q1,6.29550417120238,227.533264041533
19187,Q3,5.79353928248827,265.368434324065
19189,Q1,5.7497965480969,213.82921115796
19191,Q1,5.73905427263746,165.326286547898
19193,Q3,6.03892863912849,228.550347570881
20001,Q2,7.52082976222683,233.861223579343
20005,Q2,6.77785307916664,249.821953337845
20007,Q2,5.6605275057054,238.359508757278
20009,Q2,5.34869066953587,219.589827929634
20011,Q3,7.45426239739817,256.560066446575
20013,Q4,6.40334493035341,219.300839199879
20015,Q1,7.66516813423491,246.155582090745
20021,Q3,7.11275554386552,343.994968408952
20023,Q1,3.78481273973686,172.683621327833
20031,Q1,7.35194584346585,238.579400236738
20035,Q3,7.41815469719416,279.988597632687
20037,Q3,7.12084002212159,298.741830882991
20041,Q2,6.99112774458121,232.654988918593
20045,Q3,7.32380139062526,203.976593698165
20051,Q1,4.7982269916401,196.879067205047
20053,Q1,5.60283613229033,266.251354886608
20055,Q3,4.41501026455473,194.295322122226
20057,Q4,4.59619845073991,235.615159607191
20059,Q1,7.17705162781271,249.887596287424
20061,Q4,7.0387345694686,221.120119026839
20079,Q1,7.10484258356266,225.018841810442
20087,Q1,7.18946660527109,212.407598938694
20091,Q1,7.94425322219526,206.198707810462
20099,Q3,7.17255125449339,232.512117094195
20103,Q1,7.35167395306195,254.167867400587
20109,Q1,4.05855964021449,247.835951743516
20111,Q4,7.41037174219383,229.046906614132
20113,Q1,6.40948488248942,205.576788895393
20121,Q1,7.30623809032953,225.90420075189
20123,Q1,5.83834768634612,185.989124276687
20125,Q3,7.66287247880904,280.074241311766
20127,Q1,7.18844033523473,186.748829958319
20129,Q1,3.69674296077575,222.105914669912
20135,Q1,4.33687048865212,233.02206896058
20149,Q1,7.24565892850905,230.673836404363
20155,Q3,6.23715345849653,194.313577322829
20161,Q4,7.10442001188507,186.675563573961
20169,Q2,6.61530330370234,220.260429703113
20173,Q3,7.70683948923762,230.015733022067
20177,Q4,7.26142574548711,218.324633688416
20183,Q1,5.11810380770122,213.988262477244
20189,Q2,4.16698218382416,197.976411878251
20191,Q2,7.51331109958303,203.712160881218
20201,Q1,6.34026127772493,245.966455186656
20205,Q2,7.69161159149056,305.386907552375
20209,Q5,7.94953709110388,242.109871063081
21001,Q5,6.81167727656941,315.68271215159
21003,Q4,7.16085779702444,280.87752294249
21005,Q2,7.66026344347968,356.320477194806
21009,Q4,7.27139804063569,248.503232408934
21011,Q5,7.22193320486336,350.359636557339
21013,Q5,6.32340244218964,447.664370291226
21015,Q1,8.15165489704763,223.545198128683
21019,Q4,7.81093545646594,309.288599489627
21021,Q4,7.34853148002036,258.432176896882
21027,Q3,7.21835204263527,293.973556937675
21029,Q2,8.20323589576534,202.946762184703
21035,Q3,6.68827824369907,261.216463021618
21037,Q3,8.27582456403148,210.204829747674
21043,Q4,7.15516364632215,305.853279357191
21047,Q5,6.92154903971531,276.277648238357
21049,Q4,7.61909753126609,246.650156958071
21051,Q5,6.31723344055063,380.611998468968
21059,Q3,7.93410118919835,245.328949813735
21063,Q5,6.83546592014044,243.172268549363
21065,Q5,6.96887385306754,261.445150463683
21067,Q4,7.88288470219661,179.608226879072
21071,Q5,6.48943271883002,320.509511183671
21073,Q4,7.93114885523721,236.767152612407
21075,Q5,6.78837152683875,314.987038772119
21079,Q4,7.31353556475769,225.601121169982
21081,Q5,7.73231028407772,374.076161079176
21083,Q4,6.88681351429847,268.204787911225
21085,Q4,7.04858891834247,298.583933042327
21089,Q3,7.57026354589809,252.631212770626
21093,Q3,7.41467203592672,226.283344470006
21095,Q5,6.11067926944984,368.46657739469
21099,Q5,7.07344546626799,277.684166936218
21101,Q4,7.83841059899907,296.565824236492
21107,Q4,6.93550443725418,307.601156032345
21111,Q4,8.83660987897555,235.915327560126
21113,Q4,7.76098926409809,182.873405619764
21115,Q5,6.64385921740792,255.96242549864
21117,Q3,8.27862793991548,254.101714614283
21119,Q5,6.26614561153167,289.15748617422
21121,Q5,6.44069258188591,318.858559069886
21123,Q3,7.23628538153098,300.405826688825
21125,Q5,6.73786482101634,277.231360669753
21131,Q5,6.07666979657701,348.61140329453
21133,Q5,6.08144854360504,353.865312702232
21141,Q4,7.25544021719932,255.864266685593
21143,Q2,6.69719843659457,257.793569992185
21145,Q4,7.15346014225848,346.90798989065
21147,Q5,6.39392573159275,356.016028979483
21151,Q4,7.31848907391273,260.311273248757
21155,Q4,7.19376058184955,224.413972024793
21157,Q2,6.90314102462724,349.851216100765
21159,Q5,6.60806986637468,327.654746342223
21161,Q4,7.43739198932797,321.305219414386
21163,Q3,7.47210043466433,273.739255965783
21177,Q4,7.1813877570103,238.676386000316
21179,Q3,7.45217359073039,272.273135766112
21181,Q3,7.41294710305869,284.460796743538
21183,Q4,7.4510822631195,249.960063260996
21185,Q1,8.89231772286036,185.653711404754
21191,Q3,7.70502895286181,344.650237844779
21193,Q5,6.20618092206082,418.923916826944
21195,Q5,6.33735955374429,320.641343502799
21199,Q4,6.78550792169577,277.318360075697
21203,Q5,6.89896757271776,419.426828583178
21205,Q5,6.9271638292928,354.637424699303
21209,Q3,7.89748122014708,233.260083685448
21211,Q2,8.28728836946492,357.51784780892
21213,Q4,7.36587572736868,371.194314811241
21217,Q5,7.00436519880936,236.123180723778
21223,Q3,7.97110530167858,258.588897832456
21225,Q3,7.12566470964391,310.08819238544
21227,Q4,7.31263035089927,267.151850928
21231,Q5,6.61718134615756,297.605287396656
21233,Q3,7.14483658815931,309.003493186181
21235,Q5,6.60805418103162,390.079949781463
21237,Q5,6.62615454088079,361.409076940196
21239,Q2,7.87268215650696,267.526223036452
22001,Q5,6.22633031845495,343.168398164641
22003,Q5,5.56366042592113,212.996207910356
22005,Q2,8.21374906440533,252.64050880456
22007,Q4,7.0587871430962,266.460607564326
22009,Q5,6.0350375421532,354.998535415476
22011,Q3,5.61340061303968,319.493312488554
22013,Q5,5.68704876977315,282.090527062118
22015,Q4,5.80596525067119,259.913553562404
22017,Q5,5.82076548495844,273.858342976478
22019,Q4,6.01892553062392,381.877466299473
22023,Q1,4.94853214564532,269.072278003939
22025,Q5,5.78419251896941,412.769561224945
22027,Q5,5.71343874265392,330.344929156326
22031,Q5,5.72018147552703,315.67882451369
22033,Q5,8.35313224509502,261.247448105715
22039,Q5,6.0742265248689,331.527243748935
22041,Q5,5.87512213321906,557.426037320096
22043,Q4,5.67327236761922,198.485843761212
22045,Q5,6.2549209731181,327.0470778083
22047,Q5,7.97349278653432,213.464927083248
22051,Q4,6.5105307624354,259.820901537216
22053,Q4,5.72480122983133,402.742698353287
22055,Q4,6.75917406138298,285.321295973353
22057,Q3,6.20526118835692,282.208490515101
22059,Q3,5.75282824055072,367.94963345382
22061,Q5,5.98295778080445,188.066051947606
22063,Q2,7.33821989460466,273.735207682556
22065,Q5,6.17470317765164,389.904851210795
22067,Q5,6.12152434343007,434.184009037222
22069,Q5,5.60723482847787,259.269328749927
22071,Q5,6.14045590715036,264.21892751695
22073,Q5,6.10540421294345,252.844936030803
22075,Q3,5.03945085897339,268.29926979175
22077,Q4,7.17233123692335,327.413845975883
22079,Q5,5.8306519815188,309.745613864851
22083,Q5,6.17073076264342,465.530666832057
22085,Q4,5.51149384232534,349.253021799128
22089,Q4,7.25144076767954,275.529669593728
22091,Q5,6.13511799030524,311.445725801211
22093,Q4,7.90807954888665,321.846364180583
22095,Q5,6.92307204819405,316.880733231841
22097,Q5,6.51751800310566,317.873232210963
22099,Q4,6.7044221502003,271.144091394549
22101,Q5,5.51564872768493,259.034766157423
22103,Q2,5.52257545192362,230.826886749025
22105,Q5,6.13688482816322,308.968061103266
22109,Q4,5.58266845796769,306.408288542957
22111,Q4,5.97988801785533,327.929129809968
22113,Q4,5.93187958219778,386.625968478202
22115,Q4,5.37075336723878,303.974054674025
22117,Q5,6.00660374674865,329.996848919531
22119,Q5,5.80143368556589,352.088653500791
22127,Q5,5.66068109404284,301.723789703429
23001,Q3,4.6392865654257,234.340090648565
23003,Q3,3.22624833474214,218.083288856301
23005,Q2,4.75921458277404,157.177835219601
23007,Q2,3.88266932120448,198.853723615846
23009,Q1,3.74102860604548,204.8495785666
23011,Q2,4.4493384056395,231.887992688692
23013,Q2,4.15285777129183,173.051815797483
23015,Q1,4.41512616851128,187.565346947639
23017,Q2,4.05168926819183,189.203494884395
23019,Q3,3.78180273763715,201.24470649755
23023,Q1,4.63815053945713,211.518835889405
23025,Q4,3.92384627284402,256.234912919582
23027,Q2,4.1634597887429,218.514515713687
23029,Q4,3.31273832806691,203.372800971797
23031,Q1,5.16063400266731,181.372347763189
24001,Q3,6.47701644790773,342.543254360794
24003,Q1,8.27673308983125,241.768574795138
24005,Q2,9.15221927601391,231.227211054379
24009,Q1,7.30359263026353,237.509661842409
24011,Q2,7.48499858651379,280.882266472374
24013,Q1,8.43896862482242,246.740669352305
24015,Q2,7.97651484318679,249.398413759276
24017,Q1,7.93774551468239,231.64804968818
24019,Q4,7.14373724999313,227.481212042329
24021,Q1,8.31505349440505,192.172294755361
24023,Q2,6.32515967502408,291.715018972799
24025,Q1,8.74232315825699,224.317879209313
24027,Q1,8.93782631021835,194.991824166091
24029,Q1,8.30180660561224,270.822030366437
24031,Q1,8.99256455555241,157.128729963645
24033,Q3,8.70655642820078,272.256751034023
24035,Q1,7.76251639991781,178.255617370115
24037,Q1,7.27183166951685,245.06246253009
24041,Q1,7.25406130931723,205.898278118585
24043,Q2,7.74652640080559,224.600792855894
24045,Q3,7.0745341721801,271.591507813827
24047,Q1,6.69954988054549,215.904532391537
24510,Q5,9.15538267364851,326.420016054113
25001,Q1,5.76868340576347,189.874470129325
25003,Q2,5.62748185731751,187.731713480127
25005,Q3,7.03872548845383,211.991217733375
25009,Q3,6.87508640823373,191.212843540089
25011,Q2,5.67507846693966,183.30378241459
25013,Q5,6.13558333459342,215.413412576704
25015,Q2,6.17984253748629,211.648824178298
25017,Q1,7.16917106853104,173.00586183182
25021,Q1,7.51826220540275,178.825298889229
25023,Q1,7.17489875499246,215.429178901254
25025,Q5,7.67322627178389,191.679915347034
25027,Q2,6.29076924125441,195.59686965431
26001,Q2,4.36793863960416,260.249685445944
26003,Q1,3.59215870650438,246.17925675942
26005,Q2,6.46128364598956,219.335642313048
26007,Q3,4.27997096702876,245.357422950782
26009,Q2,4.43590581359136,194.209525239732
26011,Q3,5.16769916261149,314.347366607155
26015,Q1,6.67711424809741,213.926848366198
26017,Q3,6.1053637581872,287.709832588426
26019,Q1,4.59179027725745,175.296761592841
26021,Q4,6.81650670728054,248.110840755334
26023,Q3,6.95430592407232,265.632320625645
26025,Q4,6.73191956716775,260.858863888021
26027,Q3,7.33982950182021,291.050798011885
26031,Q4,4.07289594464224,207.597829241885
26033,Q3,3.8964806618257,252.466741079204
26035,Q4,5.02494737202468,335.81507160249
26037,Q1,6.65681791358383,234.282072212739
26041,Q2,4.02007010062523,253.06165543395
26043,Q2,3.79475036232296,239.070478636444
26045,Q2,6.69457748431915,212.183621042776
26047,Q1,4.16900822755051,197.849244356081
26049,Q5,6.69933701490318,286.997873078817
26051,Q3,5.10238832594312,226.428324505049
26055,Q2,4.61989371604967,184.969538319199
26057,Q4,6.1732192552889,317.088891097782
26059,Q3,6.91290652069245,284.675270996166
26061,Q3,3.52376089388565,256.941269224261
26063,Q2,5.39856228531198,297.364332351911
26065,Q4,6.76092919593208,250.86760330831
26067,Q3,6.5263130021087,240.568964138622
26069,Q3,4.64242279456698,267.363554552825
26071,Q1,3.57030206484941,225.622433423029
26073,Q4,5.62830699584739,270.548531850705
26075,Q4,6.79945153517975,247.117268239394
26077,Q4,6.96791626624284,216.821623428557
26079,Q3,4.60617656871274,247.912329894031
26081,Q4,6.81709044101012,218.152744528649
26085,Q3,4.87304333834026,230.564774545254
26087,Q2,6.54424866485393,330.448290837013
26091,Q3,7.11581846668066,268.213883474663
26093,Q1,6.88117834563359,245.17433636884
26099,Q3,7.12392963718346,260.320966527428
26101,Q2,4.82879701763931,260.333149093502
26103,Q2,3.65366038468617,245.515574176025
26105,Q3,4.88922608671388,204.750973571343
26107,Q3,5.36070073947852,269.861880604966
26109,Q2,4.23156525769469,257.046050595197
26111,Q2,5.856922057212,203.840615246777
26113,Q2,4.67481139597791,277.391095238313
26115,Q2,7.7198624955177,255.114440848384
26117,Q4,6.05636586653121,250.139704682219
26121,Q5,6.01703995327,231.54866287854
26123,Q4,5.76963014050552,222.973202891863
26125,Q2,7.09795680788174,229.522108296094
26127,Q3,5.17922828797775,264.548054189647
26131,Q1,3.57510696566365,268.702340768849
26135,Q3,4.34725035010261,276.306293178531
26139,Q1,6.39170923632488,180.340481821127
26145,Q5,6.38864061146359,252.276120771138
26147,Q3,6.67015669789789,304.912993194964
26149,Q3,7.24062754038426,279.256614493547
26151,Q3,6.00974268554337,282.656653507985
26155,Q3,6.67801522658293,273.598366405172
26157,Q3,6.2524559664968,282.636738893057
26159,Q4,6.70460691145273,285.513501050889
26161,Q2,7.15654683636924,201.185428423295
26163,Q5,7.77144344129341,314.860173624955
26165,Q4,4.70915239637633,232.715570116616
27001,Q2,4.27028741215028,196.753526251884
27003,Q1,7.00350280709088,145.809112576423
27005,Q2,4.73838292215198,184.876305383649
27007,Q4,4.07050702962479,191.33145487844
27009,Q2,6.24582226712313,215.333254869847
27013,Q2,6.09283292857613,178.1416740035
27015,Q1,5.83238197192918,145.829016680724
27017,Q2,4.60990496342409,238.749675371161
27019,Q1,6.87856724221989,158.085161136834
27021,Q2,4.41761946466195,156.868009158878
27023,Q1,5.59579592420111,163.003501126099
27025,Q1,5.97837809704219,169.836152657582
27027,Q2,5.36035000530573,172.897056943774
27029,Q3,4.10771486098295,196.799914214251
27033,Q1,5.44983998807065,184.209511324892
27035,Q2,4.78633702726661,188.017077284869
27037,Q1,7.15470970749595,140.151231797393
27039,Q1,6.37760513018181,166.74614303822
27041,Q1,5.18864365683063,187.988862052195
27045,Q1,5.99254206068796,188.483436202336
27047,Q1,5.97602443744637,185.09252788183
27049,Q1,6.42304746831724,176.663739411743
27053,Q2,7.30468792112116,143.054910103395
27059,Q1,6.14185545832406,148.53693880666
27061,Q1,4.13939867843199,192.694460481267
27065,Q2,5.1417786050203,218.890612266523
27067,Q2,5.71025957645406,196.069625948626
27069,Q1,4.17949788940247,186.212108471854
27075,Q1,3.77135493640957,179.495112156398
27079,Q1,6.35591198614569,158.831050452287
27083,Q1,5.42377815014017,179.704210501561
27085,Q1,6.18791848412882,170.489560371304
27091,Q1,5.71320546213769,194.603687244039
27093,Q1,6.04515890742797,163.48497215434
27097,Q2,5.43022203810643,162.34866809128
27099,Q3,6.04977722112557,139.761728237592
27101,Q1,5.25984982620242,167.658800872125
27103,Q1,6.13478377130538,167.546993374762
27105,Q3,5.32224364438896,127.816129300354
27109,Q1,6.43472706288599,142.547045559648
27111,Q1,4.92617789177552,215.390302439313
27115,Q2,4.76763989583747,205.370499832367
27119,Q2,4.6472724562627,194.328744623305
27123,Q4,7.48692891873742,159.302944120284
27127,Q2,5.66293718287777,203.797529500596
27129,Q1,5.80115372242131,220.064404526646
27131,Q2,6.54521529924651,172.700294797347
27135,Q1,3.89478261951563,222.531494659265
27137,Q2,4.58186377079449,216.084988930971
27139,Q1,6.9097905611507,155.598230619716
27141,Q1,6.61460361974625,175.20568644486
27145,Q2,6.19434379130942,154.081702519095
27147,Q1,6.27760226927917,183.211932085086
27149,Q1,5.22812348482701,270.3897910279
27153,Q2,5.17275141080437,159.299947423607
27155,Q1,4.97374288494178,220.399989642834
27161,Q1,6.1451350341511,205.087089275779
27163,Q1,6.95289461034544,142.579007206455
27169,Q2,6.04511172938896,218.135475875603
27171,Q1,6.79721380138935,183.39355209856
28001,Q5,5.88072437752935,337.323631889093
28003,Q4,6.5479377132312,328.820481636971
28005,Q5,5.88139941474197,291.989674016919
28007,Q5,6.04007649915855,317.703456818657
28011,Q5,6.99709512322188,398.97512536682
28013,Q5,6.15863927741677,390.605262381553
28015,Q5,6.22373520175128,289.412156611361
28017,Q5,6.47469217186741,345.314852387814
28025,Q5,6.79566045185902,371.336177716574
28027,Q5,7.07768827834321,291.646662147939
28029,Q5,6.24722473248579,352.627189700409
28031,Q5,6.38557686508488,344.826620633175
28033,Q3,7.17802132639488,311.68231504108
28035,Q5,6.37287359695457,274.922238671174
28039,Q3,6.22431238145128,347.699780376466
28041,Q4,5.92946069587428,338.329433232707
28043,Q5,6.31602635682356,304.368647941824
28045,Q4,5.68821543447671,291.102990979419
28047,Q5,6.07166657939779,299.305216549937
28049,Q5,6.86608069035413,298.908445853349
28055,Q5,6.55698446853684,324.810063413232
28057,Q3,6.5974432749978,348.212096088621
28059,Q4,6.16055318508892,280.302438412702
28061,Q5,6.26092058466947,364.066946511866
28067,Q5,6.46413870721991,265.999032763438
28069,Q5,6.13993180654604,337.473518819478
28071,Q4,6.26864054474711,298.170800108376
28073,Q4,6.2301978396522,254.087586195855
28075,Q5,6.35576280134754,369.561061627816
28077,Q5,6.24774745336586,387.193690357981
28081,Q5,6.76714516514751,310.476596738112
28083,Q5,6.63833650808258,438.371882372087
28085,Q5,6.08287679921756,317.730738582252
28087,Q5,6.76783046609006,290.912556108972
28089,Q4,6.80590585443148,294.208511941168
28091,Q5,6.14911246147577,305.635010692503
28093,Q5,6.44755836093178,359.174148763337
28095,Q5,6.66745818189671,299.501286441315
28099,Q5,6.44216969615452,381.991759404857
28101,Q4,6.41089665555182,371.205947829742
28105,Q5,6.53676919048978,279.521938120923
28107,Q5,6.49801846748802,374.009285394341
28109,Q4,6.0004846780552,325.413800020359
28113,Q5,6.27692664019961,311.864277836216
28115,Q4,6.57219368811664,228.138309460347
28117,Q5,6.60738321891751,277.544288299049
28119,Q5,6.77285030482474,451.997123384468
28121,Q3,6.73248759961423,303.940183654665
28123,Q5,6.39634957053835,405.495760024805
28127,Q5,6.3535091551726,528.422002099861
28133,Q5,6.95483183220926,418.121977510476
28137,Q4,6.7638093738084,331.068000231449
28139,Q5,6.43760162100436,440.137798522379
28145,Q5,6.52657882291372,322.080221728315
28149,Q5,6.25575115656365,366.217755223188
28151,Q5,6.85950683541273,300.287136760157
28153,Q5,6.0351390022065,354.180950203636
28157,Q5,5.84881040645179,376.373051398729
28163,Q5,6.59518590342729,354.761173382081
29001,Q3,6.02562856954845,221.296580572423
29003,Q1,6.50845918420183,228.549245102669
29007,Q3,6.41786115404752,234.689412892519
29009,Q3,6.31207173879909,314.697249203592
29011,Q3,6.76455089486239,258.218099571951
29013,Q3,6.84651363043818,284.989323236393
29015,Q2,6.1510115897187,263.501437951903
29017,Q3,6.79106553355673,390.245549528806
29019,Q3,6.69047666818025,195.881558413193
29021,Q3,6.77349781065036,288.622382974618
29023,Q5,6.80788554869369,315.688329966894
29027,Q2,6.55151369243408,249.59701732349
29029,Q1,6.01085004605935,230.459032069174
29031,Q3,7.34216069196986,254.159887560436
29037,Q1,7.5472623240749,235.150841717531
29041,Q1,6.28612041311893,254.738121567958
29043,Q2,6.65207581059775,267.624760987742
29047,Q1,7.60394763216813,195.714465986379
29051,Q2,6.61493229311693,228.884548452835
29055,Q3,5.89071189505672,314.430165818153
29061,Q2,6.18427061045442,254.026246340183
29063,Q1,6.63258155356944,226.848761220427
29069,Q5,7.3223339256144,412.75540345996
29071,Q2,6.99113394427791,272.317782534038
29077,Q3,6.98977223867757,238.142070721538
29083,Q3,6.47774424152851,293.005727259957
29089,Q3,6.4768910330121,271.982938490015
29091,Q4,5.88171850098967,291.376483611936
29095,Q4,7.7055438380722,232.591769267761
29097,Q4,7.07854809007853,311.652100264936
29099,Q2,7.53342816821446,304.253422150578
29101,Q2,6.94955714443198,264.331553802811
29103,Q2,6.14187940073878,313.547756041592
29105,Q3,5.82845138197627,306.505931840016
29107,Q2,6.96979010011253,261.999037783322
29109,Q4,6.52392988691887,231.577444894798
29113,Q2,7.35906665883752,252.471862578522
29117,Q4,6.15995198385602,227.945016146848
29125,Q2,6.01865331749725,238.0388387424
29127,Q4,6.55599598179929,239.788286462042
29131,Q3,6.18586745002109,340.317887883429
29133,Q5,7.4218834595692,466.03350894033
29135,Q2,6.46106813534586,277.476264197756
29137,Q2,6.3132263031422,257.180346491279
29145,Q3,6.86975444167118,313.141073247468
29147,Q2,5.9827524500055,268.135449212221
29153,Q2,5.59766412569632,278.927213595564
29157,Q1,7.03332274628712,272.297500623308
29159,Q3,6.50777920409271,266.953303793399
29161,Q3,5.81632041011488,270.559629768998
29163,Q3,6.5519182638751,227.410841450631
29165,Q1,7.74188075402066,187.840783639361
29167,Q4,6.50395585608017,237.502499905988
29169,Q3,5.7342345092119,294.860386682554
29175,Q4,6.47137064333453,239.860559427011
29177,Q1,6.95078378657636,223.940083321448
29181,Q5,6.23951376794525,355.843089192126
29183,Q1,7.92248727200295,216.256186198175
29187,Q4,6.43284929367106,296.584776222467
29189,Q3,8.07186781548297,242.754949367261
29195,Q4,6.47883336220157,257.333677574446
29201,Q4,7.54788914237865,303.011362936079
29203,Q5,5.69960144902989,277.301348501235
29207,Q4,7.3546670032221,262.354118460884
29209,Q2,6.18052605208427,208.769539239137
29211,Q4,5.83371017573679,245.191941719371
29213,Q3,5.98768712962472,273.437742574805
29215,Q4,5.73144773386445,256.573597379233
29219,Q2,7.15461137400825,230.409570192728
29221,Q4,6.15295536154665,374.249033588955
29223,Q4,6.22886200155297,297.371500740104
29225,Q3,6.28607635818723,272.972802946798
29510,Q5,8.17318094589306,332.957101004552
30001,Q2,2.40413255290096,219.995162243462
30013,Q3,2.94820721803072,195.689668737818
30015,Q4,2.9045088459446,226.197632199606
30029,Q2,2.96450370189556,204.53589097415
30031,Q2,3.06299464836974,174.049173767006
30047,Q4,2.60424966015327,244.854934344195
30049,Q1,2.66381933671337,214.916124300093
30053,Q3,2.55734652264274,240.474000210717
30061,Q3,2.47514324452089,218.115027572929
30063,Q3,2.77389009635675,192.682240242662
30069,Q3,2.6227705270951,233.629663859601
30081,Q2,2.71502977252874,216.520848081972
30091,Q1,3.43967137065965,237.469611987864
30093,Q3,2.58232539221836,308.82596802159
30095,Q1,2.80961789414867,199.451124800437
30101,Q2,2.85240868897065,161.361966643431
30103,Q1,3.07480979074369,187.225246141393
30109,Q1,3.27298924058105,210.168720314815
30111,Q2,3.92613902782661,189.157784043765
31001,Q2,5.36710930590608,228.359196465032
31003,Q2,4.80703112533067,190.396384335909
31019,Q2,4.89950191858161,249.872184539101
31025,Q1,6.43421767331021,255.372085642323
31047,Q3,4.39944064208242,220.033304706356
31051,Q1,5.58856641860743,209.235440681666
31053,Q3,6.11345909401897,153.911780658649
31055,Q3,6.64912921310815,219.306176380315
31067,Q2,5.99752056724535,182.352352603197
31079,Q2,5.24052949973368,196.339783743534
31091,Q1,3.31560207453274,207.198860152353
31095,Q1,5.94345854459826,204.960079482407
31097,Q2,5.92812140586011,175.985301960746
31103,Q2,3.81076990511441,197.333124177579
31109,Q2,6.23796404349377,180.670823527145
31111,Q2,4.0159516744606,193.870253339738
31119,Q2,5.2838449265471,219.63028730225
31125,Q1,5.15734184162617,212.002223947592
31129,Q2,5.55058277601467,233.986837931814
31137,Q1,4.73017230826611,233.264307303473
31141,Q1,5.5199797187026,244.404656228994
31145,Q1,4.22002560891492,192.796776571806
31151,Q1,5.84441513672343,252.40943760538
31153,Q1,6.78175555534682,186.97113022172
31157,Q3,3.64510731683413,262.647359950611
31161,Q3,3.21903086524446,211.549597994552
31167,Q1,5.4188857967165,237.424509778107
31177,Q1,6.33129420352396,227.358184015843
31179,Q2,5.40759021302107,178.858890908344
31185,Q1,5.60457519605605,226.985553672687
32001,Q2,2.8546560981118,226.884789726984
32003,Q3,3.369125925745,235.27321213287
32005,Q1,3.04198823234255,164.075151286216
32007,Q1,2.29441643019533,249.276651091427
32009,Q1,2.24442530725542,329.79839497997
32021,Q3,2.42314888729317,275.005743876364
32031,Q3,3.44695660578321,285.424360560571
32510,Q4,3.22192121874589,242.684697739647
33001,Q1,4.83406568743708,204.289267339966
33003,Q1,4.38574111657207,155.980527240442
33005,Q1,5.1799947828717,207.375242442298
33007,Q2,4.01281651275431,237.813269890177
33009,Q1,4.51796241944767,185.51668162135
33011,Q1,6.02111624342108,180.416785474096
33013,Q1,5.33139105595285,215.173057391894
33015,Q1,6.23142891504475,202.588395808114
33017,Q2,5.40705469520469,200.890983114794
33019,Q2,4.88003092177524,211.945402902279
34001,Q3,6.51538280303101,249.806772414776
34003,Q1,7.50290188447447,194.315019737148
34005,Q1,8.05604115131736,227.621700610303
34007,Q4,8.2082423873293,247.466045746702
34009,Q1,6.66884928685009,257.29064060503
34011,Q5,7.21898752972574,284.831978422882
34013,Q5,7.56485389102844,258.235944843658
34015,Q1,8.14754237912166,233.62764408261
34017,Q5,8.01368549992328,237.360019936108
34019,Q1,7.50306226031827,207.843856663492
34021,Q3,7.74274663730663,226.16927302008
34023,Q1,7.54125057251807,217.171159202996
34025,Q1,7.40111306299496,215.032648900099
34027,Q1,6.94308646909106,200.911157156542
34029,Q1,6.93461304238754,248.637153272299
34031,Q5,7.25310166157442,241.160574716655
34033,Q3,7.94625419644979,241.89514389718
34035,Q1,7.38659963782679,190.733389226668
34037,Q1,6.46301318053536,248.649210329606
34039,Q3,7.70572327770416,217.472741459302
34041,Q1,7.20995097769954,226.362999778804
35001,Q4,6.03004970294562,200.952427287533
35003,Q1,2.53896404026376,259.461993659843
35005,Q5,3.91828317116314,231.706764379256
35006,Q5,2.88372707689269,160.992901577418
35007,Q3,2.79396793470255,169.464223874123
35009,Q5,4.31277419689533,281.803873064466
35011,Q4,3.67167725753749,182.241393398886
35013,Q5,5.21867990872862,192.577310153028
35015,Q3,3.49291322426862,245.900989435191
35017,Q4,3.3886612599143,196.662783017936
35023,Q5,2.89045171054591,241.631541767082
35025,Q4,3.99251877643569,271.595265782766
35031,Q5,3.3720385487697,172.434939701736
35035,Q4,3.50891364415531,236.031053134282
35037,Q4,3.29741804498483,266.855410991004
35039,Q5,4.33291899252438,187.346934657816
35043,Q2,5.2181589915883,203.159617532794
35045,Q5,3.98818805434779,163.022070667214
35047,Q5,3.36456385850964,227.401353487891
35049,Q3,4.90662254702268,148.124526967249
35055,Q4,3.89409588124233,106.135756821534
35061,Q5,5.58217612906366,193.967955514137
36001,Q3,5.77395588082413,218.778270180861
36003,Q3,5.42106913144987,234.32946130006
36005,Q5,8.23355663153239,272.711209030974
36007,Q3,5.79639366538194,246.842567080904
36009,Q3,5.58015331425695,369.829662043922
36011,Q2,6.3044094755218,220.246977659369
36013,Q4,5.97986573455601,261.616096154337
36015,Q4,5.78685102218956,261.211610962186
36017,Q2,5.4492715269961,353.78850599733
36019,Q2,5.2523304168188,207.902941874924
36021,Q1,5.93392989210602,284.490846006183
36023,Q2,5.80447331527797,216.901495039577
36025,Q2,5.08747677758241,275.894287773394
36027,Q1,6.48968933080477,221.242408693724
36029,Q4,6.77447328643803,250.330632517087
36031,Q2,4.53149232618974,218.998543101214
36033,Q3,4.72366121006917,267.625526171373
36035,Q4,5.38662502968098,262.84427579142
36037,Q2,6.55443101323017,247.194413095809
36039,Q2,5.39256221831154,271.972876436479
36041,Q1,4.15334165082722,289.625175768557
36043,Q2,5.45698460403878,261.551208273945
36045,Q4,5.33653383774889,327.41314245213
36047,Q5,8.6297960599014,260.788532196752
36049,Q2,4.94505934420792,218.874532426976
36051,Q2,6.12397972507309,227.518433170504
36053,Q2,5.84675471344657,208.905033621131
36055,Q4,6.50168733772715,207.06502116313
36057,Q4,5.6019900990703,277.137611093522
36059,Q1,8.08626935172253,252.470205314041
36061,Q5,8.1938351676576,202.449148347144
36063,Q3,7.21696163580514,292.411363180241
36065,Q3,5.76996122095674,247.545253498104
36067,Q3,6.18623947951968,203.516215755381
36069,Q1,6.39951618409178,207.523118025466
36071,Q2,6.4888080032813,227.892438231693
36073,Q3,6.25603371268258,296.8295559659
36075,Q3,5.75289297355198,260.29841377534
36077,Q2,5.26102450028734,228.066975202339
36079,Q1,6.55432219932709,248.019078142173
36081,Q4,8.65653740366426,248.471079786086
36083,Q3,5.89972027602457,270.999242235403
36085,Q3,8.13868938915676,304.35921769662
36087,Q2,6.83074643598637,227.350260557858
36089,Q3,5.02822118141479,291.937894067105
36091,Q1,5.81130792502799,219.969558167701
36093,Q3,5.86389140740914,223.779069768811
36095,Q2,5.17913402616268,235.68331562263
36099,Q2,6.25470868747051,194.001850718414
36101,Q3,5.56773757664529,248.082091554843
36103,Q1,6.89118001254051,235.337055742517
36105,Q3,5.49128979726003,285.20546795376
36107,Q2,5.85765883899166,198.223570391621
36109,Q2,5.89791801067295,223.971292350774
36111,Q2,5.88967327293668,215.008190242324
36113,Q2,5.1161225437677,221.13454990628
36115,Q2,5.32104970599519,223.840293293516
36117,Q2,6.47125126166427,235.569623646204
36119,Q2,7.43525392310073,192.695662292661
36121,Q2,6.09550452674961,267.455528775348
36123,Q2,5.93931669521138,217.007024614597
37001,Q4,7.23501878655647,231.136882063194
37003,Q3,6.86725527979065,246.419403698824
37005,Q4,5.97849634373839,229.15956761342
37007,Q5,7.13886464276955,343.207044912016
37009,Q3,5.72679234845563,220.464995123085
37013,Q4,6.6756802182603,304.053036271778
37015,Q5,6.58841684329942,234.939697820897
37017,Q5,7.10993296394038,291.14219329562
37019,Q3,5.86201053419022,218.502787190304
37021,Q3,5.98361263658995,202.81247824696
37023,Q4,6.26454070476765,270.013377955742
37025,Q3,7.78880562925187,238.197843160021
37027,Q4,6.36563105339244,266.695210629442
37029,Q1,6.13001441760216,228.752758226088
37031,Q2,5.33617400520951,248.554939888924
37033,Q5,7.15515881408033,256.397607155152
37035,Q3,7.10758792746908,247.769990796821
37037,Q2,7.14721119560907,199.484000038654
37043,Q3,5.56489807729328,245.984308660374
37045,Q5,7.34569301853416,308.691019692689
37047,Q5,6.90900881418142,338.38069916109
37049,Q4,6.36547547403428,238.410593622438
37051,Q5,7.30071692592163,280.831631967792
37055,Q1,5.11369143160804,233.845365449304
37057,Q4,7.68502807889049,262.96378653595
37059,Q2,7.55734866997379,195.962149265417
37061,Q5,7.13364036586503,234.033376185716
37063,Q4,7.23395644562016,204.731862425
37065,Q5,7.28871461148788,309.996571198915
37067,Q4,7.52685009708209,195.77246528437
37069,Q4,7.13157676706658,216.43095460515
37071,Q4,7.64378285452626,270.108106038713
37073,Q4,6.73710874326369,217.900426588197
37077,Q3,7.08614403343294,221.304582210323
37081,Q4,7.49178481283941,206.363607722951
37083,Q5,6.91054553968682,310.007567439546
37085,Q4,7.47897768821721,274.941138698556
37087,Q2,5.55532534598028,226.657761340079
37089,Q2,5.95664581208221,186.779708353002
37091,Q5,6.64880869360441,215.211260497228
37093,Q5,7.13963950143845,222.952442464968
37097,Q3,7.57884644603288,254.647092265726
37099,Q3,5.41138169222213,231.074132311417
37101,Q3,7.64308601567018,266.918945146601
37103,Q4,6.74606074216537,318.001722865975
37105,Q4,7.18654613910614,288.093602691378
37107,Q5,7.27406691511309,333.607000651137
37109,Q3,7.42452829688247,287.668495652696
37111,Q4,5.91214284898824,252.411726975322
37113,Q3,5.43353685594018,225.931776217196
37115,Q3,5.95370518805996,310.081374139956
37117,Q5,6.68116432922752,392.104249418941
37119,Q4,8.05864025472326,187.064645291701
37123,Q5,7.0899148679142,205.610845577146
37125,Q3,6.97965374139689,177.253524832671
37127,Q4,7.31373694615882,279.01421131474
37129,Q3,5.89414570449887,205.810334906075
37131,Q5,6.87259816972112,265.326389355834
37133,Q4,6.18075733960234,220.398354983348
37135,Q3,7.19004950631971,196.158859956524
37139,Q5,6.21068192715222,269.893783709436
37141,Q3,6.36123738771761,204.050179734969
37143,Q4,6.34892181739554,320.759975163867
37145,Q4,7.07438207449193,264.649632413768
37147,Q5,7.22985653105092,238.471617218095
37151,Q4,7.33036135661306,221.461382197837
37153,Q5,7.05269269961004,366.938064871761
37155,Q5,7.34951707429633,266.304606634836
37157,Q4,7.1422685251711,267.085461161219
37159,Q4,7.71073076973031,254.934277491312
37161,Q5,6.60929612098316,348.692097578181
37163,Q5,7.35339084272644,277.461422002124
37165,Q5,7.1552478571888,291.993218862328
37167,Q3,7.42512635137025,279.473319256314
37169,Q3,6.96910083489361,266.190505384125
37171,Q4,6.4273832898784,252.775469344124
37175,Q2,5.62241252198985,239.15970643647
37179,Q2,7.75524666347298,228.380386365084
37181,Q5,6.95518515755823,239.585784446132
37183,Q2,7.66600846320278,188.375212913436
37189,Q3,5.95681010675005,198.399144429141
37191,Q5,7.69236000668097,249.285916129014
37193,Q4,6.21621000441679,231.576034657754
37195,Q5,7.55136297551954,249.964315464346
37197,Q3,6.94000256095937,258.68419838139
37199,Q3,5.85911464466153,246.929829185631
38001,Q1,3.44686304122798,215.22841277018
38003,Q1,4.50943333902389,186.484388314152
38015,Q1,4.14232742046223,184.4215279337
38017,Q2,5.35739199430397,191.792392046666
38023,Q1,3.52653956316506,225.341490682158
38027,Q2,4.231740915967,224.080441748137
38035,Q2,4.74493427194592,226.497788123213
38043,Q2,3.89744071260479,261.633342752127
38057,Q1,3.80271801247267,205.661181094895
38059,Q1,4.1220280379168,225.117885868731
38077,Q1,4.96407593671288,226.922543266884
38079,Q5,3.73871522860511,208.78940926539
38089,Q1,3.53394090005957,184.654283330105
38093,Q1,4.26991501138626,244.097251305412
38101,Q1,4.00194891892487,227.672594220216
39001,Q5,7.37306482466905,300.388362546165
39003,Q4,7.83682967241018,280.464800333675
39005,Q2,7.58206147190921,268.174585139761
39007,Q4,6.49602186694696,291.109969330168
39009,Q5,7.07975371406069,320.058194081381
39011,Q1,7.86743844497619,234.970621232398
39013,Q3,7.2431532579269,331.789301031128
39015,Q2,7.8363731070396,230.413575790925
39017,Q3,8.35896114364312,221.355392420534
39019,Q2,7.40232149505048,271.650603766255
39021,Q2,7.83083224053366,297.775016235777
39023,Q4,7.82613245862107,291.504482021591
39025,Q2,8.33368022591644,230.97666337842
39027,Q3,7.91707568848378,255.389777568724
39029,Q3,7.54413441304104,264.250889922222
39031,Q3,7.33776977856298,198.034218694835
39033,Q3,7.48469637297135,247.048510237066
39035,Q5,7.96710429108245,255.849357286217
39037,Q2,7.87041157669586,240.813579261453
39039,Q3,7.44428678890041,214.021108345382
39041,Q1,7.97287846513959,197.160699148737
39043,Q3,7.27677746957403,233.026152531564
39045,Q2,7.92102645387611,237.468309888488
39047,Q4,7.59828376770662,351.021554147209
39049,Q4,8.0791441189027,240.223465408912
39051,Q2,7.36960663482016,283.473198099867
39053,Q4,7.50484559609909,315.391784472347
39055,Q1,7.40778871636402,216.498595304477
39057,Q2,8.07312048955598,223.62974410772
39059,Q4,7.0862788039602,283.79178357855
39061,Q4,8.44500213637772,237.772092527012
39063,Q2,7.68895356881933,267.589384088479
39065,Q2,7.58469199886767,362.174845279333
39067,Q3,7.10865647262106,289.213759809714
39069,Q2,7.6319454865965,255.364369601929
39071,Q4,7.57123101355641,312.274379699299
39073,Q3,7.39471490581625,230.598613098009
39075,Q2,7.53957515015444,261.555278013641
39077,Q3,7.39013693190241,254.18460242983
39079,Q5,7.21718798687237,357.913690631247
39081,Q4,7.48314021866323,323.368518538934
39083,Q2,7.39150427078263,266.50561073242
39085,Q2,7.13771845149455,231.818202931573
39087,Q4,7.73526239855763,292.120248260043
39089,Q2,7.75810757936445,227.875120933211
39091,Q3,7.65145453222826,258.949353335206
39093,Q3,7.86528091330303,223.378236857542
39095,Q5,7.80898912152422,286.930988907382
39097,Q2,7.89392559791527,282.878702779982
39099,Q4,7.58898627736693,272.97643942773
39101,Q4,7.66979715517281,264.632678332476
39103,Q1,7.81924530935546,217.619390054943
39105,Q5,7.47353274907665,365.236613257365
39107,Q1,7.86100327231084,302.386615137321
39109,Q2,7.92903673994298,245.658329720249
39111,Q3,7.21024353545929,230.156744360977
39113,Q4,8.09069985152555,232.739845875704
39115,Q4,7.23419473329459,238.415780627266
39117,Q1,7.56316641950689,239.862451427891
39119,Q4,7.42329789262833,299.528883463511
39123,Q1,7.58379015330933,217.179327445566
39127,Q4,7.4899814962431,279.061781795705
39129,Q2,7.92917699776085,266.023230581726
39131,Q5,7.31798781050236,244.672119325853
39133,Q2,7.62784444153332,244.729172383666
39135,Q1,7.99472717607444,345.957627237826
39137,Q1,7.76295406069713,234.563169891912
39139,Q3,7.48833317856864,249.687934287098
39141,Q4,7.5286003500896,301.729082962247
39143,Q2,7.60502231225358,234.545052716349
39145,Q5,7.39731903925191,324.235155282878
39147,Q2,7.59502074389015,249.062992339435
39149,Q2,7.77985474472082,233.252243193658
39151,Q3,7.81439718061499,229.049811827883
39153,Q3,7.76003522577926,233.978462999256
39155,Q4,7.42605688256966,265.448596640529
39157,Q2,7.42313901263608,252.32286405333
39159,Q1,7.79547790422065,178.676422062567
39161,Q1,7.83732777017754,218.723811836917
39165,Q1,8.31476444914437,211.795048050585
39167,Q3,7.75446809604606,212.561540575578
39169,Q2,7.84154260263427,255.56811609922
39171,Q2,7.27646934923744,194.353322409373
39173,Q2,7.76722160056489,266.534196716757
39175,Q1,7.58486465117133,231.804260123593
40001,Q5,5.97083622142655,356.783101481166
40003,Q1,5.90339066179314,295.830881878859
40005,Q4,5.96766657687334,347.167929078573
40007,Q1,4.36102442778832,239.942457876456
40009,Q3,4.81992167747136,332.149037524425
40013,Q4,6.59077465971199,265.403644171826
40015,Q5,5.53059482979862,281.130667291342
40017,Q1,6.2470663241348,267.444960850241
40019,Q3,6.21600452760938,372.808645736212
40021,Q5,6.1569896187086,316.013194543024
40027,Q2,6.33600942610211,239.961952262295
40031,Q5,5.55748942609834,309.335908847126
40037,Q3,6.94726536671218,322.04808539075
40039,Q3,5.18401064698745,298.304161275702
40041,Q4,6.36028848264609,272.424638498193
40045,Q1,4.52968840457698,286.061113873262
40047,Q4,6.21448063740156,266.659556313254
40049,Q3,6.21588594297844,354.093135643981
40051,Q3,6.07532892710441,328.148097885373
40055,Q3,4.93581436946982,272.155443717717
40059,Q2,4.54155219476934,299.390984700159
40061,Q2,6.05144634542597,296.135170258181
40065,Q4,5.10798978177202,295.613961360917
40069,Q5,6.25980027200811,291.986712680663
40071,Q4,7.12624974066354,311.487718258521
40079,Q4,5.9288024910988,252.331737123188
40081,Q2,6.26424030121662,313.024809935568
40083,Q2,6.28065552494042,276.188625303159
40085,Q3,6.64935449078024,319.608350738652
40087,Q1,6.27855559615595,349.573698384433
40089,Q5,6.15394577858576,380.0911413025
40097,Q3,6.72342510287634,340.029288860399
40101,Q5,6.44428395013203,347.174529686236
40105,Q3,7.57656171569101,335.47952284522
40107,Q5,6.42891448216578,420.294630897968
40109,Q4,6.42838263915832,284.830838993755
40111,Q5,6.7029507315496,362.4827911006
40113,Q3,7.50220236489783,295.850663769396
40115,Q4,6.87428121185154,286.052120587726
40117,Q3,6.98340750337574,327.676202131812
40119,Q3,6.39218204809069,266.287979235694
40121,Q3,5.96420648896459,355.014528886484
40123,Q4,6.26629308849625,288.879118600355
40125,Q4,6.22422388327585,308.890924456981
40127,Q5,5.73743536720053,444.596902839979
40131,Q1,7.47326794966674,283.618765808826
40133,Q5,6.46545899315737,410.621975815257
40135,Q5,6.20483010153915,338.054757037827
40137,Q2,5.92244714739115,346.425407740351
40143,Q4,7.49251602266502,289.119828721446
40145,Q2,7.0075826565851,293.350645186677
40147,Q3,8.00165105167491,271.501707196884
41001,Q3,2.52442197212822,255.997509386796
41003,Q2,3.87543013316161,190.896513267414
41005,Q2,5.09161442736156,181.649379158932
41007,Q3,2.39444619613966,220.954362174172
41009,Q2,3.58889966949583,215.903501360682
41011,Q4,2.37033169736949,213.041904812799
41013,Q3,2.92571384203067,236.185662564174
41015,Q2,2.43345248794634,219.347527991398
41017,Q2,3.04918247653646,186.286223448463
41019,Q3,3.01580425698928,231.145712711081
41021,Q2,2.75441733482843,162.976673069261
41029,Q3,3.00220912951495,204.354251264607
41033,Q4,2.67932555016455,192.477694676441
41035,Q4,2.80244173684534,193.841716777069
41039,Q3,3.27160027173525,162.580129507253
41041,Q3,2.51272997986157,223.442908955495
41043,Q3,4.19011687047547,234.496022832848
41045,Q5,4.20892840994699,255.779993690358
41047,Q4,4.78736380480014,197.418475088731
41051,Q4,5.25005297924667,193.299497931671
41053,Q3,4.24735725069282,167.287146471799
41057,Q3,2.4071269856243,212.228062986298
41059,Q4,3.24737743997259,225.36355053516
41061,Q3,2.48102661164828,192.895172648519
41065,Q4,2.6949782942372,211.856002673342
41067,Q2,5.02504130481998,168.321979982044
41071,Q3,4.34841937551617,188.517649330084
42001,Q1,8.09211527425277,219.775856078289
42003,Q3,8.133872710977,233.269865629201
42005,Q2,7.36506298578236,260.393595920803
42007,Q2,7.95676584973886,241.756996939374
42009,Q2,6.5125585808055,265.613688305702
42011,Q3,8.00219944100774,227.809301443945
42013,Q3,6.45841795680093,260.586710329915
42015,Q2,5.70066625281937,221.02069817269
42017,Q1,8.08919219173709,200.556666503483
42019,Q1,7.59341222032699,235.812771925871
42021,Q2,6.66629474737072,278.720898984942
42023,Q1,5.19643717856289,205.857026578063
42025,Q2,6.46161244743972,267.027558963592
42027,Q1,6.26624161301005,234.674870088026
42029,Q1,8.38365293988911,193.44502996635
42031,Q2,6.47873328953922,258.110410038169
42033,Q3,6.0501586364087,255.690892083908
42035,Q2,5.71197469954845,249.058545147337
42037,Q2,6.37391815040929,257.39962133764
42039,Q3,6.49180747783043,281.135623270047
42041,Q1,7.676696963123,234.654382347883
42043,Q3,7.72410376590771,251.619678661778
42045,Q2,8.74784402728585,244.145867634862
42047,Q1,5.50691388093859,216.099337734859
42049,Q3,6.14260798688652,229.603856651904
42051,Q4,7.0431499833652,297.663509140409
42055,Q1,7.42231611468147,199.726383364859
42057,Q2,6.79594811954451,196.087547802167
42059,Q3,7.12533192684386,300.472899181502
42061,Q1,6.53594000722103,204.849187462669
42063,Q2,7.01127024297846,257.63537031956
42065,Q2,6.28000144010116,294.199187845141
42069,Q3,5.79693473499912,297.258200280271
42071,Q1,8.66417411965397,196.049067076649
42073,Q3,7.74569215056433,231.75226272932
42075,Q1,7.95795458551346,216.469172196773
42077,Q3,7.42270638961373,196.474641388494
42079,Q3,5.92926340805884,277.667181869744
42081,Q3,5.80254407880152,213.627651871008
42083,Q3,5.35844980780325,284.407773782069
42085,Q3,7.25796305337842,238.394347283807
42087,Q2,6.54907306014632,228.993135504935
42089,Q2,6.21227043916933,218.858368004421
42091,Q1,8.33020840426919,197.400823607642
42095,Q2,7.25873005029182,185.250671417339
42097,Q2,6.82367959745935,287.198652793653
42099,Q1,7.12114464673462,256.797729371682
42101,Q5,8.47776850939218,291.904773555252
42107,Q2,6.76295695963459,292.840749268068
42109,Q1,6.81293640996258,208.623232451875
42111,Q2,6.60665298843839,249.997347281844
42113,Q1,5.52419972615376,205.427990130181
42115,Q2,5.65156588387082,246.251154034358
42117,Q3,5.34049628039483,248.181827201768
42119,Q2,6.55860028118922,277.282378916688
42121,Q3,6.37605219128116,210.767978374925
42123,Q1,5.70047773165686,254.638468167216
42125,Q2,7.94681225944671,221.90773158292
42127,Q1,5.66670679074255,293.54625908777
42129,Q2,7.6153564186226,233.738108800951
42131,Q2,5.71003612395273,250.968957321598
42133,Q1,8.36559453255064,210.102393018769
44001,Q1,6.71098286572015,178.00804594517
44003,Q1,6.34781921500067,216.558832445537
44005,Q1,6.2469729566936,202.085943780406
44007,Q4,6.53463390240973,212.711973983831
44009,Q1,5.94989522578569,186.621636972604
45001,Q5,7.23706631194661,275.284948264418
45003,Q4,7.02981342217444,274.819660320809
45005,Q5,6.28035268260875,362.081861017327
45007,Q4,7.69088297656903,256.6602708439
45009,Q5,6.47374181791508,299.147319589136
45013,Q2,5.86198436868732,137.449733676242
45015,Q4,6.53727312281603,243.373905573986
45019,Q4,5.86172711536671,201.21556602244
45021,Q5,7.55228897661179,297.001641557924
45023,Q5,7.00578312303236,295.399934281932
45025,Q5,6.96512712591135,309.003473672582
45027,Q5,6.89603628328174,299.757401962558
45029,Q5,6.25495862453077,340.25126439452
45031,Q5,7.22629819197805,357.068905257589
45033,Q5,7.22935314038971,458.842116691053
45035,Q3,6.66507530970528,249.959436496586
45037,Q5,7.0843564876538,255.631618376486
45039,Q5,6.83589745714063,328.425300242656
45041,Q5,7.10131924443993,330.034664356839
45043,Q4,5.97328643662116,259.935244859658
45045,Q4,7.34795573543843,226.588953120623
45047,Q5,7.08125346704214,248.458064774522
45051,Q3,6.01162750500913,252.23808803663
45053,Q5,6.54152701308346,311.609080233647
45055,Q4,6.87276772427803,244.539554994795
45057,Q5,7.1988782952405,245.760010718192
45059,Q5,7.25331351611503,261.13912067583
45061,Q5,7.11071681624518,276.080633732353
45063,Q3,7.0807625727617,245.202398009076
45067,Q5,6.92159021779359,381.249012392376
45069,Q5,7.1229534522847,388.928600623149
45071,Q5,6.83768344720202,301.143401634195
45073,Q3,6.71884999990841,245.445565424697
45075,Q5,6.82366774367746,274.796612977531
45077,Q3,6.89731687753273,238.145955733728
45079,Q4,7.1260692776784,236.907324636013
45083,Q4,7.50649509720679,241.245376473468
45085,Q5,7.00833826193579,289.08144507362
45087,Q5,7.08955293763467,403.13833973194
45089,Q5,6.57065931028179,312.564073722733
45091,Q3,7.62669943561365,215.420494653383
46003,Q1,4.68686248791377,228.221060564804
46005,Q1,4.87933634212088,215.140164223636
46011,Q1,5.13584041204763,180.2547599911
46013,Q1,4.65189685764397,238.023912778331
46025,Q1,4.59789937892983,204.827611251509
46027,Q2,5.56707588409046,237.254043872925
46029,Q2,4.72368961872752,183.5418938889
46039,Q1,4.96317265995399,242.276546110344
46063,Q2,2.95467675077359,184.87008607392
46067,Q1,5.03830861692569,222.191175007191
46077,Q1,4.86784660739589,227.364444540239
46083,Q1,5.85253632423821,200.115952088636
46093,Q1,3.2148771293332,214.999764310929
46099,Q2,5.72155308545194,216.950939476072
46103,Q3,3.31406177395277,181.80360564563
46111,Q1,4.90805007528829,207.281188411938
46113,Q5,3.27249131162588,223.023033247349
46135,Q1,5.21602491262706,163.190457500706
46137,Q5,3.4162635383288,230.43597206145
47001,Q4,7.01228013231917,247.808029696576
47003,Q5,7.03764629007278,331.61958382771
47005,Q4,6.42093380623721,345.520837284683
47007,Q5,6.37447092802593,337.553828283673
47009,Q2,7.31867808737526,214.865922512877
47011,Q4,7.66054590950555,289.087634740337
47013,Q5,6.4502616991412,321.323224328744
47017,Q4,6.38918402494375,397.044496113762
47019,Q5,6.23767371534335,257.467717039757
47021,Q2,7.08829346052598,345.870288555435
47023,Q4,6.46181690157792,279.089827362603
47025,Q4,6.49551638697744,343.43344646926
47027,Q4,6.59557567097688,323.794981956909
47029,Q5,6.00387280172786,358.520314113358
47031,Q4,6.65929908008831,309.12945782223
47033,Q4,6.7200526056921,388.530260430774
47035,Q3,6.2679109623414,259.65548080099
47037,Q5,7.5698158063977,262.677887520853
47041,Q4,6.65977951310053,335.185396889056
47043,Q3,6.56017498386421,291.006759587378
47045,Q5,6.79710452394262,366.897066156733
47047,Q3,6.38408012490819,252.169354436089
47051,Q3,6.56616541123947,294.870377681342
47053,Q5,6.68919818649486,376.691366496483
47055,Q4,7.0871419030482,297.278155234467
47059,Q4,6.26012580589188,310.261846648189
47061,Q5,6.35403868053007,297.835336246375
47063,Q4,6.58643139382093,306.420595634099
47065,Q4,7.60810890036733,266.939047993335
47067,Q5,6.42912785916,293.822464792892
47069,Q5,6.29473010012337,293.615796548823
47071,Q5,6.20782063244973,316.207074801721
47073,Q4,6.72252525925521,285.231389265399
47077,Q4,6.34068069978009,429.182388624576
47079,Q4,6.4346360170928,363.611624439857
47081,Q3,6.34930092989621,255.754083752548
47085,Q2,6.45488208200201,254.666770773559
47089,Q4,6.75417996348128,282.070765828318
47091,Q5,5.93860415466581,286.226757039047
47093,Q3,7.53466658023561,251.887734770361
47097,Q5,6.880102874731,334.849117105775
47099,Q4,6.92396133246944,285.254400374945
47103,Q3,7.00500447385891,376.600502097597
47105,Q2,7.23259097054468,184.286200454835
47107,Q4,6.79344307283468,321.764757508429
47109,Q5,6.38357107686384,444.515516062937
47113,Q5,6.89380105851729,301.223723192004
47115,Q4,6.85281201587315,308.360568878724
47117,Q4,7.02390030489987,323.452229829839
47119,Q3,6.85385920556953,241.773223287388
47123,Q4,6.57984937300132,286.118881414161
47125,Q4,7.05297406223271,295.74009342613
47131,Q3,6.74500233193816,277.524014250507
47137,Q3,6.38528451476421,336.924881208083
47139,Q4,6.70889406010604,350.577467097825
47141,Q4,6.40428023244166,247.727429465435
47143,Q5,6.68445663736775,336.171869647462
47145,Q3,6.82330422409081,240.731061642263
47147,Q2,7.37203156620463,374.538761733949
47149,Q3,7.31568469115941,251.213423298004
47155,Q3,6.55996282481973,313.462663330889
47157,Q5,7.17933844867721,290.79304751421
47163,Q4,6.8599066975331,256.71529225177
47165,Q2,7.42630727654129,271.3255438218
47167,Q4,6.7684985205393,282.291944329858
47169,Q2,7.08929198459401,321.018802774958
47173,Q5,7.00451046003495,261.984762883134
47175,Q5,6.19460466950347,341.880946008379
47177,Q5,6.38411425324711,309.410911493282
47179,Q3,6.40061938696898,281.478939548256
47183,Q4,6.61295341326906,302.042711662315
47187,Q1,7.17912486191052,185.731295510055
47189,Q1,7.35388884279834,246.275608148722
48001,Q4,6.38045010405945,319.014821829641
48003,Q3,3.9230689904501,332.627750242926
48005,Q4,6.06968494253828,360.934809814839
48007,Q3,4.27603979091599,233.45553158865
48013,Q4,5.90843083027215,242.528832584439
48015,Q1,6.86296255856075,244.243659326528
48021,Q3,6.28385836656213,242.61742463647
48025,Q5,5.29691224033159,236.718330894029
48027,Q4,6.38261584194129,231.022646096141
48029,Q5,6.90654179427218,228.748769519325
48031,Q1,5.18489351868948,245.967887097712
48035,Q2,6.134860475502,267.098609970806
48037,Q4,6.61319242799211,340.346347751971
48039,Q2,7.05063443049788,232.097810168968
48041,Q5,6.71627173271544,249.123143888206
48049,Q3,5.00304477738378,374.627498861577
48053,Q2,5.340291380286,189.960029338217
48055,Q5,6.16978231138293,248.183900058732
48057,Q4,4.80598481811485,149.599027532777
48059,Q3,4.6976978525655,234.29053725124
48061,Q5,4.99595907289681,204.614961346481
48067,Q5,6.36113974128177,357.159927929732
48071,Q1,7.07919698139194,289.658358318791
48073,Q5,6.25540707845323,281.930871767052
48079,Q5,3.9551472115431,226.669104493055
48085,Q1,8.38063446793061,207.714222335931
48087,Q4,4.52304474486663,232.341579121871
48091,Q1,6.06869417755979,217.502051176728
48097,Q3,7.28269652170312,277.648489581709
48099,Q4,5.78314214748683,267.331948801311
48113,Q5,8.25381122053967,241.827573329604
48121,Q1,8.23816584749058,199.031333303651
48135,Q4,4.43132721247723,354.671111931859
48139,Q2,7.89555296475707,229.751232268304
48141,Q5,4.57560522045629,202.007823513082
48143,Q3,5.34157956397994,234.032352085729
48147,Q3,7.02435822928941,355.46934837666
48149,Q1,6.11029657093434,245.77905228681
48151,Q3,4.23082666142203,298.118325769899
48157,Q2,8.31108885940922,186.566842510087
48167,Q3,6.25481576731464,235.98024008024
48177,Q5,5.72837374145366,282.807130104398
48179,Q3,4.2376724720312,289.179104089376
48181,Q3,7.37731478716355,294.926949243686
48183,Q4,6.77980309529434,276.991122074542
48185,Q3,6.7973794793238,294.722047097721
48187,Q2,6.48237368928844,231.222488195662
48189,Q5,4.63563062999637,270.224942948067
48191,Q5,4.41478011180383,224.144260320148
48193,Q1,5.17393939071488,281.682030878792
48195,Q2,4.35587009117107,293.180614337572
48199,Q2,6.28042903669031,259.465467169311
48201,Q5,9.0815173741562,231.398556669498
48203,Q4,6.20548946592741,274.606853858831
48205,Q1,3.75726476382176,174.962796776429
48209,Q2,6.1611008736421,210.977474990477
48213,Q3,6.90110626536496,297.485508834283
48215,Q5,6.10362253660268,204.364659413753
48217,Q3,6.99987058396596,224.731628310244
48219,Q4,4.44254309330395,299.364181810149
48221,Q1,6.74015247994706,206.673739788121
48223,Q4,6.84234642979472,264.799169266152
48225,Q5,5.95343333322879,276.856489499857
48227,Q4,4.40771594736117,303.746270762688
48231,Q4,7.35775768689992,311.232099496418
48233,Q3,4.34585408297829,361.737883771434
48235,Q1,3.85873879995147,249.989074309422
48239,Q2,5.69759464749895,229.876001762507
48241,Q4,5.86043701587742,328.077770448809
48245,Q5,6.34314462997798,266.143196039226
48247,Q5,4.26204037185816,252.640597759775
48249,Q5,5.20910802279834,277.538870699944
48251,Q2,7.87336313260661,275.112232868107
48257,Q2,7.52212993268106,345.010517488812
48265,Q3,4.7059787732191,179.379796305357
48267,Q2,3.99445933267586,273.3573410441
48273,Q5,5.17056556225166,320.446627558638
48277,Q4,6.60265191023438,284.546042122461
48279,Q4,4.46782518644952,303.245107873747
48281,Q3,5.36381611598465,236.117440032725
48283,Q5,4.34215165864878,278.165816322748
48287,Q2,6.20020756381496,270.329821555217
48291,Q4,7.04140979549323,322.437778350049
48293,Q3,6.45005420898957,298.890086759073
48299,Q1,4.93002771635553,213.627738281467
48303,Q4,5.31555727421393,257.16802437332
48309,Q5,7.11476768849399,242.673898150909
48311,Q1,4.68013376009594,208.086747910118
48313,Q4,6.19514376813611,252.392152827146
48315,Q5,6.19032031294029,281.980257912134
48317,Q2,4.20701491383515,257.613939604554
48321,Q5,5.64987333479911,272.168926600577
48323,Q5,4.64423821026168,170.366925904319
48325,Q4,5.71567819880772,261.232882872717
48329,Q3,4.59693439311458,210.910195031806
48331,Q4,6.56043637536737,229.069480919836
48337,Q2,6.01721962757352,325.829542710178
48339,Q2,7.73976907286466,250.112334416425
48343,Q4,6.84834366583307,292.805352230468
48347,Q5,6.02080379024425,281.098900891247
48349,Q4,6.87104075516199,235.954289476992
48355,Q5,4.8848074601973,209.418452676189
48361,Q3,6.4545563012647,308.697100981751
48363,Q3,5.85395338137782,312.587703365787
48365,Q2,6.09541368113122,283.876709438048
48367,Q1,7.17393689371072,270.855662110294
48373,Q5,6.02795899948254,287.341856292213
48375,Q5,4.6721577279263,295.097098264902
48377,Q5,2.88756087735251,189.781083861518
48381,Q2,4.65650300675643,248.499449233574
48395,Q5,6.49903230035083,361.631492144699
48397,Q1,8.11052894841514,226.400570607872
48401,Q2,6.50878767074845,291.032931638693
48407,Q3,6.40990944600918,314.537010198859
48409,Q4,5.01712133037525,252.501232276569
48415,Q4,4.19352220232935,262.646718919727
48419,Q5,5.93680221739191,426.492988453537
48423,Q4,7.07370572719789,263.399934201527
48427,Q5,4.73102897016624,232.024609718036
48429,Q4,4.69446508289732,291.931178684251
48433,Q1,4.31286793417044,256.320909457037
48437,Q3,4.33616919244157,244.189219006463
48439,Q4,7.978676708837,251.10020078837
48441,Q4,4.66126026158845,294.767779025331
48449,Q4,6.93922896785308,262.316273510379
48451,Q4,4.22103044436076,189.326712134789
48453,Q4,6.45272179451262,181.344569259776
48457,Q4,5.79036676033932,287.806434980195
48459,Q3,6.92481537598523,324.65165979872
48461,Q2,3.68644775776477,230.911221962466
48463,Q5,4.43013095139428,205.459044950239
48465,Q5,4.34825828952857,225.234026581612
48467,Q3,7.08877757266793,275.885395431699
48469,Q4,5.89819192481915,230.978627944935
48471,Q5,6.20655387106343,259.811484280215
48473,Q4,7.60937459029952,267.452222507715
48477,Q3,6.77793551790485,186.952218706602
48479,Q5,4.51335283628684,226.403301600554
48481,Q4,6.51652845599671,246.283546866788
48485,Q4,5.53053724588745,249.22084785381
48491,Q1,6.37996539351354,161.191662655106
48497,Q2,7.08847926403537,258.463774059476
48499,Q2,6.86042267718921,273.28854294003
48503,Q3,4.99413820850482,281.915601876129
48507,Q5,4.41121390558457,204.157729024729
49001,Q3,2.48122608182237,230.223704362241
49003,Q1,3.83873750815798,222.157057765939
49005,Q2,3.51100907888473,175.326892315462
49007,Q3,2.90127161900181,265.439044437544
49009,Q1,2.48489594679706,193.258974268495
49011,Q1,4.25045868859513,177.865817217252
49015,Q1,2.88481926129053,192.810710840348
49017,Q1,2.4310855830596,246.934982403952
49033,Q1,3.03140839971126,185.566640895946
49035,Q2,4.244181995467,193.088767192598
49045,Q1,3.82650514947429,194.075602632393
49047,Q2,2.86903593134631,273.763543788518
49049,Q2,3.54752112339982,191.309305781962
49053,Q2,2.71806241610102,148.848836632945
49057,Q2,4.18483818471261,192.670737998834
50001,Q1,5.02691142128403,208.461271772362
50003,Q2,5.13653655337863,178.176202467672
50005,Q2,4.47467324089485,213.656289111243
50007,Q2,5.2417924312369,186.500803579726
50009,Q3,4.2748651981473,195.632741859167
50011,Q2,5.60938624648198,224.942377409432
50017,Q1,4.6255911058797,172.589970054978
50019,Q2,4.88542021506004,229.645479820188
50021,Q2,4.96456050806197,232.193513785045
50023,Q1,4.8356520817312,230.452083994405
50025,Q2,5.03553489830806,195.003753690575
50027,Q1,4.77501315661544,185.230595115894
51001,Q3,6.58999522796821,322.29284651627
51003,Q1,6.70708454330313,161.965974060826
51005,Q1,5.58750934670415,297.972623428373
51007,Q2,6.74983125944175,288.221701069535
51009,Q2,6.49162362091582,274.052391871825
51013,Q1,8.89301008556085,179.309255119692
51015,Q1,6.22594358695223,213.670639102092
51021,Q2,5.78489574659549,231.467032291298
51023,Q1,6.24266235202513,242.493525382856
51027,Q5,6.26730470662237,297.0802107199
51029,Q4,6.4274120697751,293.228888246832
51031,Q2,6.68291864923253,225.215881651289
51033,Q2,7.36410371629373,182.7778582493
51035,Q3,6.01100877333192,245.333787767193
51037,Q4,6.51908765777048,277.745667049018
51041,Q1,7.71219265743166,207.907398172338
51047,Q1,7.01008304325451,194.73410287571
51053,Q3,7.29744214743335,267.240472235957
51059,Q1,8.55174741622409,147.364980929747
51061,Q1,7.31830861141778,202.418757204021
51065,Q1,6.64565532343831,238.749235797513
51067,Q2,6.40336386875535,203.123298741493
51069,Q1,7.33012835443614,195.756391257843
51073,Q1,7.41586891961763,269.587570080636
51075,Q1,7.10883674430713,227.61073979834
51077,Q2,5.84907931072208,227.547529913121
51081,Q5,6.93444222858982,355.290759659477
51083,Q5,6.76363968478735,239.281413512227
51085,Q1,7.70852886968616,251.012670497003
51087,Q3,7.80220869182601,211.960118135089
51089,Q4,6.56208564751023,252.065723565903
51093,Q1,7.24752661216571,245.385732389171
51095,Q1,7.35182567266575,164.863363522702
51099,Q1,7.48379578547985,200.193457529632
51101,Q1,7.42251427852998,259.149021866807
51105,Q5,6.30343109690971,264.091515166915
51107,Q1,8.32378613452791,148.86143991342
51111,Q4,6.47747522941768,298.87137660437
51117,Q4,6.61030833984338,335.093769856145
51119,Q2,6.97477090360763,229.945284472877
51121,Q3,6.00672023221122,216.247350887631
51133,Q1,6.86108327656158,214.00149547334
51139,Q3,6.69050918749956,314.704648180782
51141,Q3,6.26587557826294,347.974425387378
51143,Q4,6.74290871747065,242.919674711394
51149,Q2,7.54763250636726,224.753234955405
51153,Q1,7.93060504529975,197.121734566855
51155,Q4,5.89350483749994,314.935809962128
51157,Q1,6.80599584695628,236.471833690429
51161,Q1,6.46147842768857,236.682237940863
51163,Q2,5.97813123662213,222.775317263331
51165,Q1,6.56840477754163,183.48386060754
51167,Q4,6.25318252001928,325.31551290914
51169,Q3,6.93899073355879,265.334117693934
51171,Q1,6.58815450277339,188.88838033727
51173,Q4,5.8620195977391,299.964947755536
51175,Q4,6.76799962080342,290.588691622338
51177,Q1,7.59318057326793,177.782658267982
51179,Q1,7.67814062992149,200.615125674398
51185,Q4,5.9076191206775,373.78325784426
51187,Q2,6.94151620258957,223.303601319199
51191,Q3,6.22222815209297,281.601266039591
51195,Q5,6.26259776879138,309.778013665896
51197,Q3,5.76296620432754,283.043238337255
51199,Q1,7.5317932979369,186.628635175352
51510,Q1,8.89086318757164,204.286644133165
51520,Q5,6.70406736422641,215.954635681478
51530,Q5,6.05737873742286,328.683302610968
51540,Q4,6.75454481192625,210.221051572419
51550,Q2,7.03924178038062,236.87418603705
51570,Q2,7.81528096587089,318.9936016571
51590,Q5,6.97204562104305,298.495749453644
51600,Q1,8.52483526323721,182.261356967923
51650,Q4,7.87048784415823,257.504564353692
51660,Q4,6.65527371010219,188.119935845162
51670,Q5,7.77292988254345,299.128514306581
51680,Q5,6.59477208906041,228.308717513972
51685,Q2,8.05164972209083,202.875532045799
51700,Q5,7.57044085322972,245.349278469242
51710,Q5,7.73234813042965,294.581413934688
51730,Q5,7.71848627145497,347.475673008387
51735,Q1,7.64850387716307,258.853886178087
51740,Q5,7.38981863128516,276.867648630752
51750,Q3,5.90945619300959,224.457098151569
51760,Q5,8.04202975456385,276.100578299234
51770,Q5,6.5396954067082,336.779354039275
51775,Q2,6.38453577274979,289.631467570112
51790,Q3,6.12715899396736,231.779778655347
51800,Q3,7.11036932746872,270.951123889257
51810,Q2,6.98685996710238,200.882034086535
51820,Q5,6.56675387853414,280.850500590758
51830,Q2,7.35807172742649,259.130847211558
51840,Q4,7.42656743747978,225.651777659369
53001,Q5,3.86561183175192,194.34697368614
53005,Q3,3.86983705878564,212.817690168616
53007,Q2,2.71420363299928,185.029249186656
53009,Q2,2.60483848210571,205.125713052537
53011,Q3,4.5645350546605,196.276243916317
53015,Q4,3.05988185190735,225.305831791835
53017,Q3,2.92453145366262,211.074123066787
53021,Q5,3.97486269668915,189.98657725108
53025,Q5,3.48212497141476,224.715475537154
53027,Q4,2.45516172568887,250.363440692026
53029,Q1,5.05160509185002,166.928767221958
53031,Q2,3.93062981350478,156.37049368091
53033,Q2,4.77750703734772,179.446265243766
53035,Q2,4.22752367691977,190.246727035241
53037,Q3,2.46597465117543,192.048533755605
53039,Q3,2.63223648299142,184.523431293981
53041,Q3,2.74520470494239,228.84548616935
53043,Q1,3.62832755126926,269.527306826205
53045,Q3,2.99807542145071,220.820831629915
53047,Q4,2.31452840153757,210.011823913071
53049,Q3,2.3442688196048,244.869641996907
53053,Q3,3.88442371762892,236.279887297052
53057,Q2,3.74288454583079,209.629819340182
53061,Q2,4.40381376420686,201.419943170678
53063,Q3,5.00892326655073,201.919493177824
53065,Q3,3.16321464769686,252.500552137099
53067,Q2,3.42175342905084,188.174114504351
53071,Q4,3.26849831008797,231.029396441796
53073,Q2,4.2866854469051,190.399483054462
53075,Q3,4.17702269315332,205.683492770844
53077,Q5,2.93964276448349,256.677886945802
54001,Q4,6.10846244296041,291.107597953672
54003,Q2,7.74239726665755,245.877407697032
54005,Q4,6.46535146033615,285.297642069612
54007,Q4,6.11078983354173,217.578459405302
54009,Q2,7.77718790714298,332.157817167894
54011,Q4,7.60650673091853,282.400933509352
54013,Q3,6.5636092346884,314.031619309431
54015,Q5,6.29217546236213,250.130932752904
54019,Q4,6.22120914464838,327.135211862889
54025,Q4,5.71387709313554,252.47951505541
54029,Q3,7.72311262477713,259.398209936575
54031,Q3,6.18662468196555,260.833906883316
54033,Q4,7.03075311715805,277.606326274315
54035,Q4,7.88236001386465,274.63123733335
54037,Q1,8.05363535138796,247.920426320666
54039,Q3,7.04199935347054,260.76226643297
54043,Q5,7.01226753604231,282.024477186541
54045,Q5,6.28348949681581,313.002348610612
54047,Q5,5.88247241584711,355.363528983533
54049,Q3,6.96888090051855,253.276034722289
54051,Q4,7.22268599514133,283.389303801439
54053,Q4,7.71582125707657,321.165515122825
54055,Q4,5.8624907361333,283.561933307808
54057,Q3,6.44902636580223,275.462643927038
54059,Q5,6.36149837885922,374.908774408668
54061,Q2,6.87941648845177,224.492636429242
54063,Q2,5.94313128555325,261.927456734053
54067,Q4,5.90393189291757,345.808344154158
54069,Q4,7.45212798223928,262.51953724606
54071,Q2,5.47868428427818,290.795051986798
54077,Q2,6.47347823764539,257.408547972736
54079,Q2,7.45991894539589,273.153106993242
54081,Q4,6.11641668937531,313.325864761079
54083,Q3,5.66415325323607,255.354286177509
54091,Q3,6.68793522596721,263.386136353334
54095,Q3,7.01263422005578,258.946798419001
54097,Q3,6.07496417475797,258.735242110389
54099,Q4,7.59712485618912,230.398939391667
54107,Q4,7.79421992256437,328.28908485324
54109,Q3,5.87738221687,350.720559378271
55001,Q2,4.93465964160583,248.404983846942
55003,Q4,3.64581440478736,267.658973980023
55005,Q2,4.59845685580355,218.692927564453
55009,Q2,5.79826222259561,210.693198244755
55011,Q1,5.55155931829815,263.05064187534
55013,Q3,4.49689524815414,220.010585804761
55015,Q1,5.86915804581745,176.992254217989
55017,Q2,4.93003248054372,169.475509103847
55019,Q1,4.57851671288924,250.250417191332
55021,Q1,5.76031204178118,206.875805373976
55025,Q1,6.31684181352131,180.100673816182
55027,Q1,6.09063660514503,255.141552486704
55029,Q1,4.55596916497345,205.302836174518
55031,Q3,4.73893219029035,165.370938285882
55033,Q2,5.18731796703401,193.796362276871
55035,Q2,5.11045032901405,195.357859415985
55037,Q1,3.67000899899148,242.596698221792
55039,Q1,5.80216838804846,203.52863231828
55043,Q1,5.86736733491803,266.817171352267
55045,Q1,6.23743711074817,158.437608268806
55047,Q1,5.42734936007802,219.467375864966
55049,Q1,5.63037136425218,258.682764657754
55055,Q1,6.32706042451638,215.911849337347
55057,Q1,5.03075430142858,197.422582825532
55059,Q3,6.67961368388284,247.663032473412
55063,Q2,5.70245070616481,171.286231806228
55069,Q1,4.05177591739067,230.780175826273
55071,Q1,5.36473020991322,208.255436648415
55073,Q1,4.54094727322815,190.591202763569
55075,Q2,4.31550827320265,232.127163079873
55078,Q5,4.45305167658424,216.615994505029
55079,Q5,7.83475556672047,261.424723958221
55081,Q2,5.07071324702651,205.153213208749
55083,Q1,4.69542760528844,295.46109308084
55085,Q1,3.73514970555706,227.830405246071
55087,Q1,5.89661138321991,190.144629585286
55089,Q1,7.10989448697612,218.722306853497
55093,Q1,6.23637105653461,216.40659044642
55095,Q1,5.14634482230933,223.595860589051
55097,Q1,4.98604093799468,172.25474041267
55099,Q1,3.75842318274593,250.872302982418
55101,Q3,6.67291742704271,216.685708186185
55103,Q1,5.28338908121033,208.835441700536
55105,Q3,6.40457485943755,201.305693518182
55107,Q2,4.14813799838164,222.061672972254
55109,Q1,6.11217356067085,231.722162486838
55111,Q1,5.523591053048,244.28370653937
55115,Q2,4.79383185440568,254.839116037747
55117,Q1,5.81957027895072,240.232087775584
55119,Q1,4.22397697374203,237.873288348972
55121,Q2,5.33560364706328,226.817088401495
55123,Q1,5.33983310895617,201.105137199404
55127,Q2,6.5791968250181,210.068677834461
55131,Q1,6.41494653857082,188.900539314792
55133,Q1,6.9373132202868,184.354177275872
55135,Q1,5.12636324487536,276.282764028565
55137,Q1,5.0531450722505,205.256898503176
55139,Q1,5.8092133433683,186.103317234581
55141,Q1,4.76792746407879,198.847379827454
56001,Q2,2.51537820242984,202.254166191083
56003,Q1,2.94703071735207,247.481754481024
56005,Q1,4.0693477546876,278.121551774441
56007,Q1,2.43645518336102,254.83722365997
56013,Q3,2.65682359623741,271.894318467925
56015,Q1,3.25163196451796,198.360065224558
56021,Q2,3.11989459617748,237.084713443884
56023,Q1,3.00893228881415,174.43927945202
56025,Q1,2.8612654498326,199.168624312395
56027,Q1,2.95536423337895,160.474629059899
56029,Q1,2.57152502870769,170.76528549697
56033,Q1,2.64238044256807,175.671813214613
56037,Q1,3.23099623481653,254.860862924122
